,TITLE,URL
0,প্রথম আলো ‘দক্ষিণ এশিয়ার সেরা’ হওয়া ছাড়াও দুটি স্বীকৃতি পেয়েছে। নিউইয়র্কে গণমাধ্যমের বিশ্ব কংগ্রেসে এই পুরস্কার দেওয়া হয়।,https://www.prothomalo.com/bangladesh/27n8whzc0h
1, আরেকটা এক-এগারোর বন্দোবস্ত করার পাঁয়তারা চলছে: নাহিদ ইসলাম,https://www.prothomalo.com/politics/2epjyvetdc
2,"প্রধান উপদেষ্টা অধ্যাপক মুহাম্মদ ইউনূসের প্রতি প্রত্যাশা জানিয়ে তিনি বলেছেন, ‘ড. ইউনূসকে জনগণকে দেওয়া সংস্কার, বিচার ও ভোটাধিকারের প্রতিশ্রুতি রক্ষা করতে হবে।’",https://www.prothomalo.com/politics/2epjyvetdc
3," চট্টগ্রামের ‘সন্ত্রাসী’ ঢাকাইয়া আকবরকে 
পতেঙ্গা সৈকতে গুলি",https://www.prothomalo.com/bangladesh/district/ucmymxo9r9
4,পতেঙ্গা সমুদ্রসৈকতে বন্ধুদের সঙ্গে আড্ডারত অবস্থায় আকবরকে লক্ষ্য করে গুলি করে দুর্বৃত্তরা। আরেক  ‘সন্ত্রাসী’ সাজ্জাদের প্রতিপক্ষ হিসেবে পরিচিত আকবর। ,https://www.prothomalo.com/bangladesh/district/ucmymxo9r9
5," যুদ্ধবিরতির মধ্যেও ভারতের হুমকি, পাকিস্তানের ক্ষোভ",https://www.prothomalo.com/world/asia/gzsxscqoso
6,"মোদি হুঁশিয়ারি দিয়ে বলেছেন, ‘সন্ত্রাসবাদের’ জন্য পাকিস্তানকে চড়া মূল্য দিতে হবে। পাকিস্তানের প্রধানমন্ত্রী শাহবাজ শরিফ বলেছেন, ভারত কখনো এই পরাজয় ভুলবে না।",https://www.prothomalo.com/world/asia/gzsxscqoso
7," জোয়ারের পানিতে খালে ভেসে গেল অর্ধশতাধিক গরু, ২৬টি মৃত অবস্থায় উদ্ধার",https://www.prothomalo.com/bangladesh/district/bygdcm9zyv
8, গৃহবধূকে বেঁধে স্বর্ণালংকার লুট করে পালানোর সময় তরুণ-তরুণী গ্রেপ্তার,https://www.prothomalo.com/bangladesh/district/sf4et31f9a
9,"গত বছর অধ্যাপক ইউনূস যখন অন্তর্বর্তী সরকারের দায়িত্ব নেন, তখন কি ঘূর্ণাক্ষরেও ভেবেছিলেন সাড়ে ৯ মাসের মাথায় এমন একটা পরিস্থিতির মুখোমুখি হতে হবে তাঁকে?",https://www.prothomalo.com/opinion/column/2sdyi1vd9v
10,তিন বছরের বেশি সময় ধরে চলা কূটনৈতিক অচলাবস্থার পর গত কয়েক দিনে রাশিয়া-ইউক্রেন শান্তিপ্রক্রিয়ায় হঠাৎ করেই কিছু পদক্ষেপ দেখা গেল।,https://www.prothomalo.com/opinion/column/gwkc752bzf
11, বিএনপি ক্ষমতায় গেলে সব শহীদ ও আহতদের পুরো দায়িত্ব রাষ্ট্র নেবে: রিজভী,https://www.prothomalo.com/bangladesh/district/qkrkdppspm
12,শুক্রবার দুপুরে নরসিংদীর মেহেরপাড়ায় জুলাই আন্দোলনে নিহত আরমান মোল্লার পরিবারে আর্থিক সহায়তা প্রদান শেষে এ কথা বলেন।,https://www.prothomalo.com/bangladesh/district/qkrkdppspm
13, ট্রাম্পের নিষেধাজ্ঞায় হার্ভার্ডপড়ুয়া বেলজিয়ামের হবু রানি এলিজাবেথের কী হবে,https://www.prothomalo.com/world/europe/yjl4qqf0lj
14," জটিলতা সৃষ্টি করে মান-অভিমান, এটা গ্রহণযোগ্য না: আনু মুহাম্মদ",https://www.prothomalo.com/politics/btyc10o9d6
15," ডিসেম্বরে নির্বাচন প্রশ্নে বিএনপি অনড়, চাপে অন্তর্বর্তী সরকার",https://www.prothomalo.com/video/bangladesh/3mnnak3l23
16," আইপিএল: দাম উঠল আকাশে, পারফরম্যান্স নামল পাতালে",https://www.prothomalo.com/sports/cricket/ln8v7ardau
17, আব্রাহাম লিংকনের রক্তমাখা দস্তানা নিলামে সাড়ে ১৮ কোটি টাকায় বিক্রি,https://www.prothomalo.com/world/usa/msk5xem9u7
18, গুলির শব্দে থামল কুতিনিওর সাক্ষাৎকার,https://www.prothomalo.com/sports/football/vwk0tazy54
19," নির্বাচনে অংশ নেবেন না, আবার বললেন এরদোয়ান",https://www.prothomalo.com/world/middle-east/r4xchdfbsx
20," প্রধান উপদেষ্টা হতাশ–ক্ষুব্ধ, ‘পদত্যাগ’ নিয়ে আলোচনা",https://www.prothomalo.com/politics/h4zh6mms4e
21," যুক্তরাষ্ট্রের সঙ্গে দর-কষাকষি করতে শ্রম অধিকারের তিন বিষয়ে সমাধান দরকার, প্রধান উপদেষ্টাকে চিঠি দুই সংগঠনের",https://www.prothomalo.com/business/industry/vgfcrpwfkm
22, অনৈক্যের জন্য দায়ী উপদেষ্টাদের পদত্যাগের আহ্বান এবি পার্টির,https://www.prothomalo.com/politics/fcnzurgunx
23,প্রথম আলো ‘দক্ষিণ এশিয়ার সেরা’ হওয়া ছাড়াও দুটি স্বীকৃতি পেয়েছে। নিউইয়র্কে গণমাধ্যমের বিশ্ব কংগ্রেসে এই পুরস্কার দেওয়া হয়।,https://www.prothomalo.com/bangladesh/27n8whzc0h
24, আরেকটা এক-এগারোর বন্দোবস্ত করার পাঁয়তারা চলছে: নাহিদ ইসলাম,https://www.prothomalo.com/politics/2epjyvetdc
25," চট্টগ্রামের ‘সন্ত্রাসী’ ঢাকাইয়া আকবরকে 
পতেঙ্গা সৈকতে গুলি",https://www.prothomalo.com/bangladesh/district/ucmymxo9r9
26," যুদ্ধবিরতির মধ্যেও ভারতের হুমকি, পাকিস্তানের ক্ষোভ",https://www.prothomalo.com/world/asia/gzsxscqoso
27," জোয়ারের পানিতে খালে ভেসে গেল অর্ধশতাধিক গরু, ২৬টি মৃত অবস্থায় উদ্ধার",https://www.prothomalo.com/bangladesh/district/bygdcm9zyv
28,"ভুক্তভোগী কৃষক মহসিন মিয়া বলেন, ‘এমন ঘটনা জীবনেও ঘটেনি। আমার চারটি গরু পানিতে ডুবে গেছে। আমি একেবারে নিঃস্ব হয়ে গেছি। পথের ফকির হয়ে গেছি।’",https://www.prothomalo.com/bangladesh/district/bygdcm9zyv
29, গৃহবধূকে বেঁধে স্বর্ণালংকার লুট করে পালানোর সময় তরুণ-তরুণী গ্রেপ্তার,https://www.prothomalo.com/bangladesh/district/sf4et31f9a
30,শুক্রবার দুপুরে ব্রাহ্মণবাড়িয়ার আখাউড়া পৌর এলাকার নারায়ণপুরে একটি বাড়িতে এ ঘটনা ঘটে।,https://www.prothomalo.com/bangladesh/district/sf4et31f9a
31, বিএনপি ক্ষমতায় গেলে সব শহীদ ও আহতদের পুরো দায়িত্ব রাষ্ট্র নেবে: রিজভী,https://www.prothomalo.com/bangladesh/district/qkrkdppspm
32, ট্রাম্পের নিষেধাজ্ঞায় হার্ভার্ডপড়ুয়া বেলজিয়ামের হবু রানি এলিজাবেথের কী হবে,https://www.prothomalo.com/world/europe/yjl4qqf0lj
33," জটিলতা সৃষ্টি করে মান-অভিমান, এটা গ্রহণযোগ্য না: আনু মুহাম্মদ",https://www.prothomalo.com/politics/btyc10o9d6
34," ডিসেম্বরে নির্বাচন প্রশ্নে বিএনপি অনড়, চাপে অন্তর্বর্তী সরকার",https://www.prothomalo.com/video/bangladesh/3mnnak3l23
35," আইপিএল: দাম উঠল আকাশে, পারফরম্যান্স নামল পাতালে",https://www.prothomalo.com/sports/cricket/ln8v7ardau
36,"দামি খেলোয়াড় মানেই যে রানবৃষ্টি আর উইকেটের নিশ্চয়তা নয়, সেটাই যেন আরও একবার চোখে আঙুল দিয়ে দেখিয়ে দিল এবারের আইপিএল।",https://www.prothomalo.com/sports/cricket/ln8v7ardau
37,"জাতীয় স্বার্থ, জাতীয় সার্বভৌমত্ব ইত্যাদি প্রশ্নে রাজনৈতিক দলগুলোর সঙ্গে আরও ঘনিষ্ঠভাবে কাজ করতে অন্তর্বর্তী সরকারের প্রতি আহ্বান জানান গণসংহতি আন্দোলনের নেতারা।",https://www.prothomalo.com/politics/xvttk5ahy9
38, আব্রাহাম লিংকনের রক্তমাখা দস্তানা নিলামে সাড়ে ১৮ কোটি টাকায় বিক্রি,https://www.prothomalo.com/world/usa/msk5xem9u7
39,১৮৬৫ সালের ১৪ এপ্রিল রাতে বন্দুকধারীর গুলিতে নিহত হন যুক্তরাষ্ট্রের ১৬তম প্রেসিডেন্ট আব্রাহাম লিংকন। দস্তানাসহ তাঁর ব্যবহার করা আরও ১৪৪টি জিনিস নিলামে তোলা হয়।,https://www.prothomalo.com/world/usa/msk5xem9u7
40, গুলির শব্দে থামল কুতিনিওর সাক্ষাৎকার,https://www.prothomalo.com/sports/football/vwk0tazy54
41," নির্বাচনে অংশ নেবেন না, আবার বললেন এরদোয়ান",https://www.prothomalo.com/world/middle-east/r4xchdfbsx
42," প্রধান উপদেষ্টা হতাশ–ক্ষুব্ধ, ‘পদত্যাগ’ নিয়ে আলোচনা",https://www.prothomalo.com/politics/h4zh6mms4e
43," যুক্তরাষ্ট্রের সঙ্গে দর-কষাকষি করতে শ্রম অধিকারের তিন বিষয়ে সমাধান দরকার, প্রধান উপদেষ্টাকে চিঠি দুই সংগঠনের",https://www.prothomalo.com/business/industry/vgfcrpwfkm
44, অনৈক্যের জন্য দায়ী উপদেষ্টাদের পদত্যাগের আহ্বান এবি পার্টির,https://www.prothomalo.com/politics/fcnzurgunx
45, আরেকটা এক-এগারোর বন্দোবস্ত করার পাঁয়তারা চলছে: নাহিদ ইসলাম,https://www.prothomalo.com/politics/2epjyvetdc
46,"প্রধান উপদেষ্টা অধ্যাপক মুহাম্মদ ইউনূসের প্রতি প্রত্যাশা জানিয়ে তিনি বলেছেন, ‘ড. ইউনূসকে জনগণকে দেওয়া সংস্কার, বিচার ও ভোটাধিকারের প্রতিশ্রুতি রক্ষা করতে হবে।’",https://www.prothomalo.com/politics/2epjyvetdc
47," চট্টগ্রামের ‘সন্ত্রাসী’ ঢাকাইয়া আকবরকে 
পতেঙ্গা সৈকতে গুলি",https://www.prothomalo.com/bangladesh/district/ucmymxo9r9
48,পতেঙ্গা সমুদ্রসৈকতে বন্ধুদের সঙ্গে আড্ডারত অবস্থায় আকবরকে লক্ষ্য করে গুলি করে দুর্বৃত্তরা। আরেক  ‘সন্ত্রাসী’ সাজ্জাদের প্রতিপক্ষ হিসেবে পরিচিত আকবর। ,https://www.prothomalo.com/bangladesh/district/ucmymxo9r9
49," যুদ্ধবিরতির মধ্যেও ভারতের হুমকি, পাকিস্তানের ক্ষোভ",https://www.prothomalo.com/world/asia/gzsxscqoso
50, গুলির শব্দে থামল কুতিনিওর সাক্ষাৎকার,https://www.prothomalo.com/sports/football/vwk0tazy54
51," নির্বাচনে অংশ নেবেন না, আবার বললেন এরদোয়ান",https://www.prothomalo.com/world/middle-east/r4xchdfbsx
52," প্রধান উপদেষ্টা হতাশ–ক্ষুব্ধ, ‘পদত্যাগ’ নিয়ে আলোচনা",https://www.prothomalo.com/politics/h4zh6mms4e
53," যুক্তরাষ্ট্রের সঙ্গে দর-কষাকষি করতে শ্রম অধিকারের তিন বিষয়ে সমাধান দরকার, প্রধান উপদেষ্টাকে চিঠি দুই সংগঠনের",https://www.prothomalo.com/business/industry/vgfcrpwfkm
54, অনৈক্যের জন্য দায়ী উপদেষ্টাদের পদত্যাগের আহ্বান এবি পার্টির,https://www.prothomalo.com/politics/fcnzurgunx
55,প্রথম আলো ‘দক্ষিণ এশিয়ার সেরা’ হওয়া ছাড়াও দুটি স্বীকৃতি পেয়েছে। নিউইয়র্কে গণমাধ্যমের বিশ্ব কংগ্রেসে এই পুরস্কার দেওয়া হয়।,https://www.prothomalo.com/bangladesh/27n8whzc0h
56," জোয়ারের পানিতে খালে ভেসে গেল অর্ধশতাধিক গরু, ২৬টি মৃত অবস্থায় উদ্ধার",https://www.prothomalo.com/bangladesh/district/bygdcm9zyv
57,"ভুক্তভোগী কৃষক মহসিন মিয়া বলেন, ‘এমন ঘটনা জীবনেও ঘটেনি। আমার চারটি গরু পানিতে ডুবে গেছে। আমি একেবারে নিঃস্ব হয়ে গেছি। পথের ফকির হয়ে গেছি।’",https://www.prothomalo.com/bangladesh/district/bygdcm9zyv
58, গৃহবধূকে বেঁধে স্বর্ণালংকার লুট করে পালানোর সময় তরুণ-তরুণী গ্রেপ্তার,https://www.prothomalo.com/bangladesh/district/sf4et31f9a
59,শুক্রবার দুপুরে ব্রাহ্মণবাড়িয়ার আখাউড়া পৌর এলাকার নারায়ণপুরে একটি বাড়িতে এ ঘটনা ঘটে।,https://www.prothomalo.com/bangladesh/district/sf4et31f9a
60, ট্রাম্পের নিষেধাজ্ঞায় হার্ভার্ডপড়ুয়া বেলজিয়ামের হবু রানি এলিজাবেথের কী হবে,https://www.prothomalo.com/world/europe/yjl4qqf0lj
61," জটিলতা সৃষ্টি করে মান-অভিমান, এটা গ্রহণযোগ্য না: আনু মুহাম্মদ",https://www.prothomalo.com/politics/btyc10o9d6
62," ডিসেম্বরে নির্বাচন প্রশ্নে বিএনপি অনড়, চাপে অন্তর্বর্তী সরকার",https://www.prothomalo.com/video/bangladesh/3mnnak3l23
63," আইপিএল: দাম উঠল আকাশে, পারফরম্যান্স নামল পাতালে",https://www.prothomalo.com/sports/cricket/ln8v7ardau
64,"দামি খেলোয়াড় মানেই যে রানবৃষ্টি আর উইকেটের নিশ্চয়তা নয়, সেটাই যেন আরও একবার চোখে আঙুল দিয়ে দেখিয়ে দিল এবারের আইপিএল।",https://www.prothomalo.com/sports/cricket/ln8v7ardau
65,"জাতীয় স্বার্থ, জাতীয় সার্বভৌমত্ব ইত্যাদি প্রশ্নে রাজনৈতিক দলগুলোর সঙ্গে আরও ঘনিষ্ঠভাবে কাজ করতে অন্তর্বর্তী সরকারের প্রতি আহ্বান জানান গণসংহতি আন্দোলনের নেতারা।",https://www.prothomalo.com/politics/xvttk5ahy9
66, আব্রাহাম লিংকনের রক্তমাখা দস্তানা নিলামে সাড়ে ১৮ কোটি টাকায় বিক্রি,https://www.prothomalo.com/world/usa/msk5xem9u7
67,১৮৬৫ সালের ১৪ এপ্রিল রাতে বন্দুকধারীর গুলিতে নিহত হন যুক্তরাষ্ট্রের ১৬তম প্রেসিডেন্ট আব্রাহাম লিংকন। দস্তানাসহ তাঁর ব্যবহার করা আরও ১৪৪টি জিনিস নিলামে তোলা হয়।,https://www.prothomalo.com/world/usa/msk5xem9u7
68,"গত বছর অধ্যাপক ইউনূস যখন অন্তর্বর্তী সরকারের দায়িত্ব নেন, তখন কি ঘূর্ণাক্ষরেও ভেবেছিলেন সাড়ে ৯ মাসের মাথায় এমন একটা পরিস্থিতির মুখোমুখি হতে হবে তাঁকে?",https://www.prothomalo.com/opinion/column/2sdyi1vd9v
69, বিএনপি ক্ষমতায় গেলে সব শহীদ ও আহতদের পুরো দায়িত্ব রাষ্ট্র নেবে: রিজভী,https://www.prothomalo.com/bangladesh/district/qkrkdppspm
70,বৈষম্যবিরোধী ছাত্র আন্দোলন,/topic/বৈষম্যবিরোধী-ছাত্র-আন্দোলন
71, থাইল্যান্ডে চিকিৎসাধীন অবস্থায় মারা গেলেন জুলাইযোদ্ধা : উমামা ফাতেমা,https://www.prothomalo.com/bangladesh/v2ufb8t8qw
72, মানিকগঞ্জে বৈষম্যবিরোধী ছাত্র আন্দোলনের সাবেক দুই নেতা দুই দিনের রিমান্ডে,https://www.prothomalo.com/bangladesh/district/4pio1jj3yu
73, যা লেখা আছে চট্টগ্রাম বিশ্ববিদ্যালয়ের শহীদ ছাত্র হৃদয় তরুয়ার ফলাফল বিবরণীতে,https://www.prothomalo.com/bangladesh/district/t7du42lvdt
74, মানিকগঞ্জে চাঁদা দাবির অভিযোগে ছাত্র আন্দোলনের সাবেক দুই নেতা গ্রেপ্তার,https://www.prothomalo.com/bangladesh/district/mhd4gfncv2
75, ‘ফ্যাসিবাদের সহযোগী’ আখ্যা দিয়ে শতাধিক কর্মকর্তার তালিকা প্রকাশ জুলাই ঐক্যের,https://www.prothomalo.com/bangladesh/nlru3ojv3e
76," ‘আমি বলছি, আপনি গ্রেপ্তার করেন,’ পুলিশের সঙ্গে বাগ্‌বিতণ্ডায় জড়ানো তিনজন হেফাজতে",https://www.prothomalo.com/bangladesh/jzbmoodjoj
77, শিল্পীসমাজের ভাবমূর্তি ক্ষুণ্ন করার সংঘবদ্ধ অপচেষ্টা বন্ধ হোক: অভিনয়শিল্পী সংঘ,https://www.prothomalo.com/entertainment/dhallywood/cip0tum0lp
78," নারায়ণগঞ্জে ঘটনার ১০ মাস পর শেখ হাসিনা, আইভীসহ ২১২ জনের নামে হত্যা মামলা",https://www.prothomalo.com/bangladesh/district/amezhnyc8w
79, নুসরাত ফারিয়ার গ্রেপ্তার বিব্রতকর একটা ঘটনা: মোস্তফা সরয়ার ফারুকী,https://www.prothomalo.com/entertainment/407w9vg2em
80, ধানমন্ডির পুরোনো ২৭ নম্বর সড়ক এখন ‘শহীদ ফারহান ফাইয়াজ সড়ক’,https://www.prothomalo.com/bangladesh/capital/9pj6qn3g8r
81," চট্টগ্রামে বৈষম্যবিরোধী নেত্রীকে অব্যাহতি, অভিযোগ প্রমাণে আলটিমেটাম",https://www.prothomalo.com/bangladesh/3g7erd32c3
82, রওশন এরশাদের পৈতৃক বাড়ি ভাঙচুরের ঘটনায় বৈষম্যবিরোধী ছাত্র আন্দোলনের প্রতিবাদ,https://www.prothomalo.com/bangladesh/district/h08234wgld
83,বৈষম্যবিরোধী ছাত্র আন্দোলন,/topic/বৈষম্যবিরোধী-ছাত্র-আন্দোলন
84, রওশন এরশাদের পৈতৃক বাড়ি ভাঙচুরের ঘটনায় বৈষম্যবিরোধী ছাত্র আন্দোলনের প্রতিবাদ,https://www.prothomalo.com/bangladesh/district/h08234wgld
85, ময়মনসিংহে রওশন এরশাদের পৈতৃক বাড়িতে হামলা-ভাঙচুর,https://www.prothomalo.com/bangladesh/district/hpsbb1gpgw
86, ভাড়ায় দেওয়া হচ্ছে রওশন এরশাদের ‘সুন্দর মহল’,https://www.prothomalo.com/video/bangladesh/t5o7s2lcmf
87," জি এম কাদের নয়, রওশনকে জাতীয় পার্টির চেয়ারম্যান দাবি করে ইসিতে চিঠি",https://www.prothomalo.com/politics/nd6xjhkjlq
88, জাতীয় পার্টির খণ্ডিত অংশগুলো একত্র করার চেষ্টা,https://www.prothomalo.com/politics/pnqcq0s107
89, ময়মনসিংহে রওশান এরশাদ ও সাবেক জেলা প্রশাসকের বিরুদ্ধে মামলা,https://www.prothomalo.com/bangladesh/district/in7x3o5zi0
90, শেয়ার মার্কেটে এমন অরাজকতা ৫০ বছরে দেখিনি: কাজী ফিরোজ,https://www.prothomalo.com/politics/ubnhaacii7
91, জাতীয় পার্টিকে এখন ‘ক্রীতদাস’ বলা হয়: কাজী ফিরোজ,https://www.prothomalo.com/politics/uaxdpg5xvs
92, আমাদের দল ধ্বংস হলে সরকারও সুখে থাকবে না: জি এম কাদের,https://www.prothomalo.com/politics/78k4w9aoqc
93, রওশনের জাতীয় পার্টির এক কো–চেয়ারম্যানের পদত্যাগ,https://www.prothomalo.com/politics/ktxu1spint
94," আরেক ‘ব্র্যাকেটবন্দী’ জাপা, নেতৃত্বে রওশন",https://www.prothomalo.com/politics/fuyq99mh07
95," ব্রাকেটবন্দী দল হতে পারে, কিন্তু আমরাই মূল জাতীয় পার্টি: মুজিবুল হক",https://www.prothomalo.com/politics/6q7x688hno
96, নতুন নেতৃত্বের ঘোষণা দিল জাতীয় পার্টির রওশনপন্থীরা,https://www.prothomalo.com/politics/cndoknp2ur
97," রওশনদের তৎপরতায় চিন্তিত
নয় কাদেরের জাপা",https://www.prothomalo.com/politics/hijhic9eo9
98, রওশনের সঙ্গে জাপার সম্পর্ক স্পর্শকাতর: জাপার মহাসচিব,https://www.prothomalo.com/politics/giaj2gf91h
99,জি এম কাদের,/topic/জি-এম-কাদের
100, আ.লীগ-জাপাসহ ১৪ দলীয় জোটভুক্ত দলগুলোর নিবন্ধন বাতিলের দাবিতে ইসিতে গণ অধিকার পরিষদ,https://www.prothomalo.com/politics/5titupywsq
101, জি এম কাদেরসহ জাতীয় পার্টির শীর্ষ নেতাদের গ্রেপ্তার দাবি নুরুল হকের,https://www.prothomalo.com/politics/08491w8n7b
102, জাতীয় পার্টি কোনো রাজনৈতিক দল নিষিদ্ধের পক্ষে নয়: জি এম কাদের,https://www.prothomalo.com/politics/sk3yd0xx4c
103, ন্যূনতম ঐকমত্যে পৌঁছে জাতীয় নির্বাচনের দাবি ১২ দলীয় জোটের,https://www.prothomalo.com/politics/uha6skeohb
104, আওয়ামী লীগ-জাপা-বিএনপিসহ ৭ দল ঘুরে এবার নতুন দলে শাহ জাফর,https://www.prothomalo.com/bangladesh/district/f3gcemvaah
105, এবার বরিশালের মেয়র হতে আদালতে জাপা প্রার্থীর মামলার আবেদন,https://www.prothomalo.com/bangladesh/district/4ddm5fibzu
106," সব আমলেই ক্ষমতাধর মানিক, তাঁর বাহিনী করে না এমন অপরাধ নেই",https://www.prothomalo.com/bangladesh/district/whyaq9neuj
107, ক্ষমতা চিরস্থায়ী করতেই সংস্কার চালাচ্ছে সরকার: জি এম কাদের,https://www.prothomalo.com/politics/sbnndjcdec
108, সংস্কার হলো নির্বাচন পেছানোর বাহানা: জি এম কাদের,https://www.prothomalo.com/politics/czbllyx7xw
109, কুড়িগ্রামে সংবাদ সম্মেলন করে জাতীয় পার্টি ছাড়লেন ৫০ নেতা-কর্মী,https://www.prothomalo.com/bangladesh/district/iq8y4xkfae
110, দলকে ‘ফ্যাসিস্টের দোসর’ আখ্যা দিয়ে জাতীয় পার্টি থেকে পদত্যাগের ঘোষণা খুলনার তিন নেতার,https://www.prothomalo.com/bangladesh/district/qp43zlecim
111, দিনাজপুরে জাপা নেতার বিরুদ্ধে সাংবাদিককে মারধর ও বাড়ির সীমানাপ্রাচীর ভাঙার অভিযোগ,https://www.prothomalo.com/bangladesh/district/jc9i93mzs0
112, পরিস্থিতি জাতীয় পার্টির জন্য ‘জটিল’ ও ‘বিপজ্জনক’ মনে করছেন নেতা-কর্মীরা,https://www.prothomalo.com/politics/auold6s6qu
113," জি এম কাদের নয়, রওশনকে জাতীয় পার্টির চেয়ারম্যান দাবি করে ইসিতে চিঠি",https://www.prothomalo.com/politics/nd6xjhkjlq
114,জি এম কাদের,/topic/জি-এম-কাদের
115," নির্বাচনে অংশ নেবেন না, আবার বললেন এরদোয়ান",https://www.prothomalo.com/world/middle-east/r4xchdfbsx
116," ‘প্রধান উপদেষ্টা নির্বাচনের যে সময় দিয়েছেন, তার এক দিনও এদিক–ওদিক হওয়ার সুযোগ নেই’",https://www.prothomalo.com/video/bangladesh/gqy5v1qz7n
117," ডিসেম্বরে নির্বাচন প্রশ্নে বিএনপি অনড়, চাপে অন্তর্বর্তী সরকার",https://www.prothomalo.com/video/bangladesh/3mnnak3l23
118," ডিসেম্বর থেকে জুনের মধ্যে নির্বাচন, এক দিনও এদিক-সেদিকের সুযোগ নেই: সৈয়দা রিজওয়ানা",https://www.prothomalo.com/bangladesh/cxblsbfk9s
119, অবিলম্বে বিচার-সংস্কার ও নির্বাচনের সুনির্দিষ্ট রোডম্যাপ ঘোষণার দাবি গণসংহতি আন্দোলনের,https://www.prothomalo.com/politics/29cqqj32zp
120, প্রেসিডেন্ট নির্বাচনে লড়তে পারেন ট্রাম্পের ছেলে,https://www.prothomalo.com/world/usa/udehyz5h1j
121, কবরস্থান কমিটির সভাপতি পদে নির্বাচন আইনশৃঙ্খলা পরিস্থিতির ‘অবনতির আশঙ্কায়’ স্থগিত,https://www.prothomalo.com/bangladesh/district/8pim1iprkd
122, নির্বাচনী আচরণবিধির নীতিগত অনুমোদন করেছে ইসি,https://www.prothomalo.com/bangladesh/9ueisgphd9
123, ইসি এখন বিএনপির দলীয় কার্যালয়: নাসীরুদ্দীন পাটোয়ারী,https://www.prothomalo.com/video/bangladesh/9f4a4x3n16
124," ইসি আর সাংবিধানিক প্রতিষ্ঠান নেই, বিএনপির দলীয় কার্যালয় হয়েছে: নাসীরুদ্দীন পাটোয়ারী",https://www.prothomalo.com/politics/fhjployomz
125," রাজনৈতিক বক্তব্যে মন্তব্য নয়, ইসি নিরপেক্ষভাবে দায়িত্ব পালন করছে: কমিশনার আবুল ফজল",https://www.prothomalo.com/bangladesh/o16wnon0vu
126,জাতীয় নাগরিক পার্টি,/topic/জাতীয়-নাগরিক-পার্টি
127, আরেকটা এক-এগারোর বন্দোবস্ত করার পাঁয়তারা চলছে: নাহিদ ইসলাম,https://www.prothomalo.com/politics/2epjyvetdc
128," ‘পক্ষপাতমূলক’ নির্বাচন কমিশন দেখতে 
চায় না এনসিপি",https://www.prothomalo.com/politics/38d7boh4l8
129," প্রধান উপদেষ্টা হতাশ–ক্ষুব্ধ, ‘পদত্যাগ’ নিয়ে আলোচনা",https://www.prothomalo.com/politics/h4zh6mms4e
130, আসিফ–মাহফুজ–খলিলুরের অব্যাহতি চায় বিএনপি,https://www.prothomalo.com/video/bangladesh/9ho0mxsl3i
131, প্রধান উপদেষ্টার সঙ্গে দেখা করলেন এনসিপির আহ্বায়ক নাহিদ ইসলাম,https://www.prothomalo.com/politics/15fmovhhkc
132, বিএনপি গণ-অভ্যুত্থানের সরকারকে হটিয়ে ক্ষমতা দখলের পাঁয়তারা করছে: এনসিপি,https://www.prothomalo.com/politics/a6iehm26sc
133, ইশরাকের জয় কার বিরুদ্ধে সরকার নাকি এনসিপি?,https://www.prothomalo.com/video/bangladesh/kggvuxtk71
134," উপদেষ্টা আসিফ, মাহফুজের সঙ্গে খলিলুরের অব্যাহতি চাইল বিএনপি",https://www.prothomalo.com/politics/evg67bb0w9
135,জাতীয় নাগরিক পার্টি,/topic/জাতীয়-নাগরিক-পার্টি
136," ৫ ঘণ্টার বেশি সময় ধরে শাহবাগে ছাত্রদলের অবস্থান, যান চলাচল বন্ধ, তীব্র যানজটে ভোগান্তি",https://www.prothomalo.com/politics/l30z4qbnhz
137," বিএনপির নেতা-কর্মীদের অবস্থান চলছে, দুই উপদেষ্টার পদত্যাগ দাবি",https://www.prothomalo.com/politics/vw8th8cbvd
138," শাহবাগের পাশাপাশি ইন্টারকন্টিনেন্টাল মোড়েও ছাত্রদলের অবস্থান, তীব্র যানজট",https://www.prothomalo.com/politics/8l8e5jq9u0
139," শাহরিয়ার হত্যার বিচার দাবিতে শাহবাগ মোড়ে ছাত্রদলের অবস্থান, যান চলাচল বন্ধ",https://www.prothomalo.com/politics/zlsx3b0yy1
140," ঢাকায় আজ একাধিক কর্মসূচি, যানজটের আশঙ্কা",https://www.prothomalo.com/bangladesh/capital/gzret4ind6
141," কাকরাইল মোড়ে বিএনপির নেতা-কর্মীদের রাতভর অবস্থান, সকালেও কর্মসূচি অব্যাহত",https://www.prothomalo.com/politics/0mykhciei0
142, ‘ছায়াযুদ্ধে’ বিএনপি ও এনসিপি,https://www.prothomalo.com/politics/adxzkhyax5
143, সাম্য হত্যার বিচারের দাবিতে শাহবাগে ছাত্রদলের অবস্থান কর্মসূচি,https://www.prothomalo.com/video/bangladesh/s7femlppc4
144," শাহবাগ থানা ঘেরাও, শাহরিয়ার হত্যায় আসামিদের গ্রেপ্তারে ৪৮ ঘণ্টার আলটিমেটাম",https://www.prothomalo.com/bangladesh/capital/dcefl68byy
145," কুয়েটে আবার অস্থিরতা, তিন দফা দাবিতে শিক্ষার্থীদের অবস্থান কর্মসূচি",https://www.prothomalo.com/bangladesh/district/hx25rhgyy7
146, হোটেল ইন্টারকন্টিনেন্টালের সামনে অবস্থান কর্মসূচিতে রাস্তায় শুয়ে আছেন হাসনাত আব্দুল্লাহ,https://www.prothomalo.com/video/gzr12neveo
147, আওয়ামী লীগ নিষিদ্ধের দাবিতে সিলেট জেলা প্রশাসকের কার্যালয়ের সামনে এনসিপি নেতাকর্মীদের অবস্থান,https://www.prothomalo.com/bangladesh/district/bi15ks3ozd
148," বকেয়া মজুরি পরিশোধের দাবি সিলেটের চা-শ্রমিকদের, অবরোধ ও বিক্ষোভ",https://www.prothomalo.com/video/bangladesh/i7zih5r4w4
149, প্রধান সড়কে ব্যাটারিচালিত রিকশা বন্ধের দাবি বাইকারদের,https://www.prothomalo.com/bangladesh/capital/zvph4nm9vm
150," পেকুয়ায় ট্রাকের সঙ্গে মোটরসাইকেলের সংঘর্ষ, যুবক নিহত",https://www.prothomalo.com/bangladesh/district/s750nnf13q
151, দেশে চীনের বৈদ্যুতিক বাইক সংযোজন ও বাজারজাত করবে এটলাস বাংলাদেশ,https://www.prothomalo.com/technology/automobiles/82wtd5s9re
152," মোটরসাইকেল দুর্ঘটনায় তরুণ নিহত, চালক বন্ধুর খোঁজ মেলেনি",https://www.prothomalo.com/bangladesh/district/m2zbcx3i52
153," সুজুকি—দ্য বেস্ট জাপানিজ বাইক ইন দ্য মার্কেট | সুজুকি শোরুম, চট্টগ্রাম",https://www.prothomalo.com/video/qlpowm3kow
154, ব্যতিক্রমী উদ্যোগের মাধ্যমে ‘ইউএন গ্লোবাল রোড সেফটি উইক’ পালন করল ‘ইয়ামাহা রাইডারস ক্লাব’,https://www.prothomalo.com/video/re70wh89yo
155, রাজধানীর কাওলায় ট্রাকচাপায় মোটরসাইকেল আরোহীর মৃত্যু,https://www.prothomalo.com/bangladesh/bgh4hb1ipc
156," সচেতন রাইডার, নিরাপদ পথ—ইয়ামাহা রাইডারস ক্লাবের ব্যতিক্রমী উদ্যোগ",https://www.prothomalo.com/bangladesh/fx9er5jwj3
157, এপ্রিলে মোটরসাইকেল ও থ্রি-হুইলারে দুর্ঘটনায় নিহত সবচেয়ে বেশি: রোড সেফটি ফাউন্ডেশন,https://www.prothomalo.com/bangladesh/oq1dq948tz
158, নারী সার্জেন্টের সঙ্গে দুর্ব্যবহার করায় দুই মোটরসাইকেল আরোহীকে তাৎক্ষণিক কারাদণ্ড,https://www.prothomalo.com/bangladesh/crime/1veqhmkeru
159, সাড়ে ৮ ঘণ্টায় এলিভেটেড এক্সপ্রেসওয়ে দিয়ে যত মোটরসাইকেল চলেছে,https://www.prothomalo.com/bangladesh/capital/hcwwjufu8d
160, ঢাকা মোটর শোতে তরুণদের বেশি আগ্রহ বৈদ্যুতিক মোটরসাইকেলে,https://www.prothomalo.com/business/industry/1o9xdgie2h
161, পটিয়ায় বাস–মোটরসাইকেল সংঘর্ষে একজন নিহত,https://www.prothomalo.com/bangladesh/district/e73pa3empb
162," উল্টো পথে এলেন মোটরসাইকেল চালক, তারপর...",https://www.prothomalo.com/photo/bangladesh/6011qu6yi4
163, প্রধান সড়কে ব্যাটারিচালিত রিকশা বন্ধের দাবি বাইকারদের,https://www.prothomalo.com/bangladesh/capital/zvph4nm9vm
164, কোরবানির ঈদ সামনে রেখে পশুর হাট,https://www.prothomalo.com/photo/bangladesh/173f4h1q9u
165, নিভৃত পল্লির এই চায়ে লুকিয়ে আছে ‘অমৃত’,https://www.prothomalo.com/photo/bangladesh/r4nz27clq9
166, মেঘের চাদরে মোড়া বিকেল,https://www.prothomalo.com/photo/bangladesh/2fvcu76lur
167, বাবুই পাখির বাসা,https://www.prothomalo.com/photo/bangladesh/7ioebx2ia3
168, এখনো ঠাঁই দাঁড়িয়ে ‘অচিন গাছ’,https://www.prothomalo.com/photo/bangladesh/iceeq2lfp4
169, পানি বাড়ায় বিপাকে তিস্তাচরের বাদামচাষিরা,https://www.prothomalo.com/photo/bangladesh/4z2t6zdtl8
170, চট্টগ্রাম বন্দরের কর্মব্যস্ততা,https://www.prothomalo.com/photo/bangladesh/iep18whaoz
171," চোখজুড়ানো, মনভোলানো ফুলের সমাহার",https://www.prothomalo.com/photo/bangladesh/doa6pyl6n3
172, ভ্যাপসা গরমে অস্বস্তি,https://www.prothomalo.com/bangladesh/rzfbsvzs5e
173, লাল সোনাইল আর জারুলের সৌন্দর্য,https://www.prothomalo.com/photo/bangladesh/f23tv7tgs8
174, ধানের চাতালে ব্যস্ততা,https://www.prothomalo.com/photo/bangladesh/es5mdktbfi
175, গরমে বেড়েছে ফ্যান বিক্রি,https://www.prothomalo.com/photo/bangladesh/994xwj1k6z
176, গ্রামীণ পুকুরে জাল ফেলে মাছ ধরা,https://www.prothomalo.com/photo/bangladesh/sax7cs8lmo
177, রসালো ফল জামরুল,https://www.prothomalo.com/photo/bangladesh/xcvuqe8ohu
178, বগুড়ায় হত্যাসহ পাঁচ মামলার আসামি সাংবাদিক গ্রেপ্তার,https://www.prothomalo.com/bangladesh/district/g7patruirc
179, ‘চুরির অপবাদ দিয়ে আমাকে মারধর ও পরে ট্রেন থেকে ফেলে হত্যার চেষ্টা করা হয়’,https://www.prothomalo.com/bangladesh/district/eh5xj8g6uw
180," বগুড়া নেকটারে শিক্ষকদের আইসিটি প্রশিক্ষণ, মেয়াদ ৩০ দিন",https://www.prothomalo.com/education/study/6jwjbh2vtk
181, মেয়েকে উত্ত্যক্তের প্রতিবাদ করায় মা-বাবাকে কুপিয়ে জখম,https://www.prothomalo.com/bangladesh/district/4gxhxisxe5
182, বগুড়ায় উদীচীর জাতীয় সংগীত পরিবেশন মঞ্চে হামলা,https://www.prothomalo.com/bangladesh/district/erufpz7zgm
183, রসালো ফল জামরুল,https://www.prothomalo.com/photo/bangladesh/xcvuqe8ohu
184, বগুড়ার শেরপুরে মামলা তুলে না নেওয়ায় কলেজছাত্রীকে অপহরণের অভিযোগ,https://www.prothomalo.com/bangladesh/district/p1dyf2316b
185," বগুড়ায় তাপমাত্রা ৪০ ডিগ্রি ছুঁই ছুঁই, জনজীবন হাঁসফাঁস",https://www.prothomalo.com/bangladesh/district/qqr60ruy7j
186, বগুড়ায় আলোচিত যুবলীগ নেতা মতিন-তুফানের ভাই ঝুমুর সরকার গ্রেপ্তার,https://www.prothomalo.com/bangladesh/district/sacc37wjmi
187, জনসংযোগ পেশা ছেড়ে গড়ে তুলেছেন  ‘সুখের খামার’,https://www.prothomalo.com/bangladesh/district/2vuo5ijphm
188, তালাক দেওয়ায় রিয়া মনি অন্য মেয়েকে দিয়ে ধর্ষণ মামলা করিয়েছেন: হিরো আলম,https://www.prothomalo.com/bangladesh/district/2he6iaqcmn
189, বগুড়ায় শ্রমিক দলের কার্যালয়ে হামলার মামলায় গ্রেপ্তার দেখানো হলো সেই অধ্যক্ষকে,https://www.prothomalo.com/bangladesh/district/hyzadf8ojp
190," হিরো আলমের নামে মামলা, নায়িকা বানানোর আশ্বাস দিয়ে ধর্ষণের অভিযোগ",https://www.prothomalo.com/bangladesh/district/poyd3g0bxc
191, বঙ্গবন্ধু পরিষদের নেতাকে মারধর করে পুলিশে দিলেন এনসিপি নেতা-কর্মীরা,https://www.prothomalo.com/bangladesh/district/ommdtndffj
192,জাতীয় নাগরিক পার্টি,/topic/জাতীয়-নাগরিক-পার্টি
193, রাজশাহীতে আত্মগোপন থেকে বাড়ি ফিরে নির্যাতনের শিকার আওয়ামী লীগ নেতার মৃত্যু,https://www.prothomalo.com/bangladesh/district/pj5fafe04i
194, যুক্তরাষ্ট্র থেকে ফিরে বিমানবন্দরে গ্রেপ্তার আওয়ামী লীগ নেতা,https://www.prothomalo.com/bangladesh/district/4r3gq3rcv6
195," হলফনামায় শেখ হাসিনার তথ্য গোপন, ব্যবস্থা নিতে ইসিকে দুদকের চিঠি",https://www.prothomalo.com/politics/7txqbo2zkp
196, অন্তর্বর্তী সরকারের কিছু উদ্যোগ মৌলিক স্বাধীনতা ক্ষুণ্ন করার ঝুঁকি তৈরি করেছে: এইচআরডব্লিউ,https://www.prothomalo.com/bangladesh/1ybh4rknhq
197," গাইবান্ধায় সাবেক হুইপ, পাঁচ সংসদ সদস্যসহ ৮৫ জনকে আসামি করে হত্যাচেষ্টা মামলা",https://www.prothomalo.com/bangladesh/district/edvp823wlm
198, আমির হোসেন আমুর খালাতো ভাই খন্দকার রাহাত গ্রেপ্তার,https://www.prothomalo.com/bangladesh/5l87m2x3ps
199," বরগুনায় আদালত প্রাঙ্গণে সাবেক এমপি শম্ভুকে লক্ষ্য করে ডিম নিক্ষেপ, জামিন নামঞ্জুর",https://www.prothomalo.com/bangladesh/district/j1hewsp906
200, গাজীপুরে ১০ মাস পর কার্যক্রম নিষিদ্ধ আওয়ামী লীগের ঝটিকা মিছিল,https://www.prothomalo.com/bangladesh/district/nv5zotl57g
201, আওয়ামী লীগের সময় শুরু হওয়া অবৈধ পুকুর খনন শেষ করার দায়িত্বে ‘বিএনপির লোক’,https://www.prothomalo.com/bangladesh/district/gtjoit09hs
202, ‘ফ্যাসিবাদের সহযোগী’ আখ্যা দিয়ে শতাধিক কর্মকর্তার তালিকা প্রকাশ জুলাই ঐক্যের,https://www.prothomalo.com/bangladesh/nlru3ojv3e
203, খুলনার সাবেক মেয়র খালেক ও তাঁর স্ত্রীর দেশত্যাগে নিষেধাজ্ঞা,https://www.prothomalo.com/bangladesh/district/nns7jgcxqk
204, ডামি নির্বাচন ও ভোট চুরির অভিযোগে শেখ হাসিনাসহ ১৯৩ জনের নামে টাঙ্গাইলের আদালতে মামলা,https://www.prothomalo.com/bangladesh/district/20kddgd3c9
205, আওয়ামী লীগ নির্বাচনে অংশ নিতে পারবে না: নির্বাচন কমিশনার মাছউদ,https://www.prothomalo.com/politics/ild6ps0j2w
206," ডিসেম্বর থেকে জুনের মধ্যে নির্বাচন, এক দিনও এদিক-সেদিকের সুযোগ নেই: সৈয়দা রিজওয়ানা",https://www.prothomalo.com/bangladesh/cxblsbfk9s
207, নির্বাচন কমিশন পুনর্গঠন ও স্থানীয় সরকার নির্বাচনের দাবিতে এনসিপির বিক্ষোভ চলছে,https://www.prothomalo.com/politics/hoclu9tiez
208, সুপরিকল্পিতভাবে জাতীয় নির্বাচন পিছিয়ে দেওয়ার পাঁয়তারা চলছে: ফখরুল,https://www.prothomalo.com/politics/jdx4fjrqms
209," জাতীয় নির্বাচনের আগে স্থানীয় সরকার নির্বাচন চান সারজিস, বর্ণনা করলেন ‘উপকারিতা’",https://www.prothomalo.com/politics/mtw98pmyub
210, আওয়ামী লীগ নির্বাচনে অংশ নিতে পারবে না: নির্বাচন কমিশনার মাছউদ,https://www.prothomalo.com/politics/ild6ps0j2w
211, এনসিপির দৃষ্টি এখন ‘জুলাই ঘোষণাপত্রে’,https://www.prothomalo.com/politics/p7n3q94wz2
212, নির্বাচন পর্যবেক্ষক হতে ইসিতে আবেদন করেছে উইমেন এন্ট্রাপ্রেনিউর অ্যাসোসিয়েশন,https://www.prothomalo.com/bangladesh/ornqhj537o
213, স্থানীয় সরকার নির্বাচন আগে হলে স্বৈরাচার পুনর্বাসিত হতে পারে: তারেক রহমান,https://www.prothomalo.com/politics/8cmmtwlul7
214, ক্ষমতার মোহ পেয়ে বসেছে অন্তর্বর্তী সরকারকে: আমিনুল হক,https://www.prothomalo.com/politics/mszwzfoucv
215,অন্তর্বর্তী সরকারের উপদেষ্টা,/topic/অন্তর্বর্তী-সরকারের-উপদেষ্টা
216, আরেকটা এক-এগারোর বন্দোবস্ত করার পাঁয়তারা চলছে: নাহিদ ইসলাম,https://www.prothomalo.com/politics/2epjyvetdc
217, ‘নারীবিষয়ক সংস্কার প্রতিবেদনে সংখ্যাগরিষ্ঠ মানুষের ধর্মীয় মূল্যবোধকে গুরুত্ব দেওয়া হয়নি’,https://www.prothomalo.com/bangladesh/x213zurzoj
218, অনৈক্যের জন্য দায়ী উপদেষ্টাদের পদত্যাগের আহ্বান এবি পার্টির,https://www.prothomalo.com/politics/fcnzurgunx
219," জটিলতা সৃষ্টি করে মান-অভিমান, এটা গ্রহণযোগ্য না: আনু মুহাম্মদ",https://www.prothomalo.com/politics/btyc10o9d6
220," ডিসেম্বরে নির্বাচন প্রশ্নে বিএনপি অনড়, চাপে অন্তর্বর্তী সরকার",https://www.prothomalo.com/video/bangladesh/3mnnak3l23
221," ডিসেম্বর থেকে জুনের মধ্যে নির্বাচন, এক দিনও এদিক-সেদিকের সুযোগ নেই: সৈয়দা রিজওয়ানা",https://www.prothomalo.com/bangladesh/cxblsbfk9s
222," প্রধান উপদেষ্টা পদত্যাগ করবেন না, দেশের জন্য তাঁকে দরকার: ফয়েজ আহমদ তৈয়্যব",https://www.prothomalo.com/bangladesh/x50tihyf19
223, সরকারের ওপর চাপ বাড়াল বিএনপি,https://www.prothomalo.com/politics/bhsoehvyok
224," প্রধান উপদেষ্টা হতাশ–ক্ষুব্ধ, ‘পদত্যাগ’ নিয়ে আলোচনা",https://www.prothomalo.com/politics/h4zh6mms4e
225, অধ্যাপক ইউনূস ‘পদত্যাগের বিষয়ে ভাবছেন’: নাহিদ ইসলাম,https://www.prothomalo.com/bangladesh/hp0hq24mt0
226, প্রধান উপদেষ্টাকে সর্বদলীয় বৈঠক ডাকার আহ্বান জামায়াত আমিরের,https://www.prothomalo.com/politics/i0dxvo7hz6
227,বাংলাদেশ জামায়াতে ইসলামী,/topic/বাংলাদেশ-জামায়াতে-ইসলামী
228,অধ্যাপক মুহাম্মদ ইউনূস,/topic/অধ্যাপক-মুহাম্মদ-ইউনূস
229," প্রধান উপদেষ্টা পদত্যাগ করবেন না, দেশের জন্য তাঁকে দরকার: ফয়েজ আহমদ তৈয়্যব",https://www.prothomalo.com/bangladesh/x50tihyf19
230, অধ্যাপক ইউনূস ‘পদত্যাগের বিষয়ে ভাবছেন’: নাহিদ ইসলাম,https://www.prothomalo.com/bangladesh/hp0hq24mt0
231, প্রধান উপদেষ্টাকে সর্বদলীয় বৈঠক ডাকার আহ্বান জামায়াত আমিরের,https://www.prothomalo.com/politics/i0dxvo7hz6
232, প্রধান উপদেষ্টার সঙ্গে দেখা করলেন এনসিপির আহ্বায়ক নাহিদ ইসলাম,https://www.prothomalo.com/politics/15fmovhhkc
233, দেশের আইনশৃঙ্খলা নিয়ে উচ্চপর্যায়ের বৈঠক প্রধান উপদেষ্টার,https://www.prothomalo.com/bangladesh/5im8eltzl9
234, ক্ষুদ্রঋণব্যবস্থাই ব্যাংকিংয়ের ভবিষ্যৎ: অধ্যাপক ইউনূস,https://www.prothomalo.com/bangladesh/xxfyk26kt9
235," গ্রামের বাড়িতে চট্টগ্রামের আঞ্চলিক 
ভাষায় যা বললেন প্রধান উপদেষ্টা",https://www.prothomalo.com/bangladesh/district/zfe0fs5y1u
236," চট্টগ্রাম বন্দর কোন কোন দিক থেকে গুরুত্বপূর্ণ, জানালেন প্রধান উপদেষ্টা",https://www.prothomalo.com/video/bangladesh/3ox6k6vz2r
237, প্রধান উপদেষ্টার চোখে চট্টগ্রাম বন্দরের সেকাল-একাল,https://www.prothomalo.com/video/bangladesh/grqp7dzu6v
238, প্রধান উপদেষ্টা হিসেবে প্রথমবার চট্টগ্রামে ড. ইউনূস,https://www.prothomalo.com/video/bangladesh/lj02ns790k
239, দায়িত্ব গ্রহণের পর প্রথমবার চট্টগ্রামে প্রধান উপদেষ্টা,https://www.prothomalo.com/bangladesh/district/86jpnlouy0
240, আগের আমল হাওয়ায় মিলিয়ে গেছে: প্রধান উপদেষ্টা,https://www.prothomalo.com/video/bangladesh/zrw932q8vt
241,অধ্যাপক মুহাম্মদ ইউনূস,/topic/অধ্যাপক-মুহাম্মদ-ইউনূস
242," প্রধান উপদেষ্টা পদত্যাগ করবেন না, দেশের জন্য তাঁকে দরকার: ফয়েজ আহমদ তৈয়্যব",https://www.prothomalo.com/bangladesh/x50tihyf19
243, দেশের আইনশৃঙ্খলা নিয়ে উচ্চপর্যায়ের বৈঠক প্রধান উপদেষ্টার,https://www.prothomalo.com/bangladesh/5im8eltzl9
244, ক্ষুদ্রঋণব্যবস্থাই ব্যাংকিংয়ের ভবিষ্যৎ: অধ্যাপক ইউনূস,https://www.prothomalo.com/bangladesh/xxfyk26kt9
245, মাইক্রোক্রেডিট ব্যাংকের জন্য আলাদা আইন করতে হবে: প্রধান উপদেষ্টা,https://www.prothomalo.com/video/bangladesh/ox03wp00oq
246, নিউমুরিং কনটেইনার টার্মিনাল বিষয়ে প্রধান উপদেষ্টার বক্তব্যের প্রতিবাদ সিপিবির,https://www.prothomalo.com/politics/zo7yqv3w1f
247," গ্রামের বাড়িতে চট্টগ্রামের আঞ্চলিক 
ভাষায় যা বললেন প্রধান উপদেষ্টা",https://www.prothomalo.com/bangladesh/district/zfe0fs5y1u
248," চট্টগ্রাম বন্দর কোন কোন দিক থেকে গুরুত্বপূর্ণ, জানালেন প্রধান উপদেষ্টা",https://www.prothomalo.com/video/bangladesh/3ox6k6vz2r
249, প্রধান উপদেষ্টার চোখে চট্টগ্রাম বন্দরের সেকাল-একাল,https://www.prothomalo.com/video/bangladesh/grqp7dzu6v
250, প্রধান উপদেষ্টাকে সম্মানসূচক ডি–লিট ডিগ্রি দিল চট্টগ্রাম বিশ্ববিদ্যালয়,https://www.prothomalo.com/bangladesh/district/psg48vx9dq
251, বাংলাদেশের অর্থনীতি বদলাতে হলে চট্টগ্রাম বন্দর একমাত্র ভরসা: প্রধান উপদেষ্টা,https://www.prothomalo.com/bangladesh/district/pj4ydem0ed
252," যমুনার উদ্দেশে জগন্নাথ বিশ্ববিদ্যালয়ের শিক্ষার্থীদের লংমার্চ, দাবি তিনটি",https://www.prothomalo.com/bangladesh/nnjq0tv8w1
253, প্রধান উপদেষ্টা হিসেবে প্রথমবার চট্টগ্রামে ড. ইউনূস,https://www.prothomalo.com/video/bangladesh/lj02ns790k
254, কোরবানি–সম্পর্কিত বিষয়ের সুষ্ঠু ব্যবস্থাপনা নিশ্চিতে ১৭ সদস্যের কমিটি,https://www.prothomalo.com/business/industry/f20re5ka5g
255,অন্তর্বর্তী সরকারের উপদেষ্টা,/topic/অন্তর্বর্তী-সরকারের-উপদেষ্টা
256, চামড়া সংরক্ষণে বিনা মূল্যে ৩০ হাজার টন লবণ দেবে সরকার,https://www.prothomalo.com/business/industry/y83e7247g5
257, অনুমতি ছাড়া রেললাইনের পাশে পশুর হাট নয়: রেল কর্তৃপক্ষের চিঠি,https://www.prothomalo.com/bangladesh/yujdkl2n6b
258," আগুনে মরেছে ৪ গরু, ছেলের লেখাপড়া বন্ধের শঙ্কায় কাঁদছেন মালিক",https://www.prothomalo.com/bangladesh/district/ipnracw6b6
259, কোরবানি–সম্পর্কিত বিষয়ের সুষ্ঠু ব্যবস্থাপনা নিশ্চিতে ১৭ সদস্যের কমিটি,https://www.prothomalo.com/business/industry/f20re5ka5g
260, কোরবানির পশুর চামড়ার ন্যায্যমূল্য নিশ্চিতে কমিটি গঠনের নির্দেশ প্রধান উপদেষ্টার,https://www.prothomalo.com/bangladesh/d5d8yldgcf
261," এবার কোরবানিযোগ্য প্রাণী ১ কোটি ২৪ লাখ, থাকবে উদ্বৃত্ত: প্রাণিসম্পদ মন্ত্রণালয়",https://www.prothomalo.com/bangladesh/cntek7pkaz
262, আজ রাঁধতে পারেন ঝুরা মাংসের সঙ্গে খিচুড়ি,https://www.prothomalo.com/lifestyle/recipe/bu2zow84hg
263, কোরবানির পর বাছুর বিক্রি,https://www.prothomalo.com/photo/bangladesh/oj5rf67p2w
264, পশু কোরবানির সংখ্যা এখনো করোনার আগের অবস্থায় ফেরেনি,https://www.prothomalo.com/bangladesh/on5squiyim
265, ছাগল–কাণ্ড: গত বছর ঈদে ইফাত এক খামার থেকেই কেনেন ৬টি পশু,https://www.prothomalo.com/bangladesh/327i0szys4
266, ছাগল–কাণ্ডে এখন পর্যন্ত যা যা হলো,https://www.prothomalo.com/video/bangladesh/sm01ns4ut1
267, ছাগল–কাণ্ডের সেই তরুণ এনবিআর কর্মকর্তার ছেলে,https://www.prothomalo.com/bangladesh/me5s6iryib
268,ঢাকা দক্ষিণ সিটি করপোরেশন,/topic/ঢাকা-দক্ষিণ-সিটি-করপোরেশন
269,ঢাকা উত্তর সিটি করপোরেশন,/topic/ঢাকা-উত্তর-সিটি-করপোরেশন
270," বাংলামোটরে মোটরসাইকেলে কাভার্ড ভ্যানের ধাক্কা, কলেজশিক্ষার্থী নিহত",https://www.prothomalo.com/bangladesh/capital/u9mnhwqr0w
271, শাপলা শহীদদের স্মরণে শনিবার রাজধানীতে কনফারেন্স,https://www.prothomalo.com/bangladesh/capital/52b6kbnrx6
272, রামপুরার খাল থেকে ভাসমান লাশ উদ্ধার,https://www.prothomalo.com/bangladesh/crime/okbrtx926v
273, ইশরাককে মেয়র ঘোষণা নিয়ে রিট খারিজের খবরে বিএনপির নেতা-কর্মীদের উচ্ছ্বাস-মিছিল,https://www.prothomalo.com/politics/awchgtsius
274," ঢাকায় আজ একাধিক কর্মসূচি, যানজটের আশঙ্কা",https://www.prothomalo.com/bangladesh/capital/gzret4ind6
275, অন্তর্বর্তী সরকার এখন পর্যন্ত একটি সংস্কারও করতে পারেনি: মান্না,https://www.prothomalo.com/politics/e62jxdvnz9
276, কাজলায় বাসাবাড়িতে গ্যাস না থাকার প্রতিবাদে সড়ক অবরোধ,https://www.prothomalo.com/bangladesh/capital/8l3ayjgoos
277, কাকরাইল মোড়ে ইশরাকের হাজারো সমর্থকদের অবস্থান,https://www.prothomalo.com/video/bangladesh/ku33l1n2vh
278, মেট্রোরেলে বদলে যাওয়া নগরজীবন,https://www.prothomalo.com/bangladesh/capital/fghzy73ky6
279, শাহরিয়ার হত্যার বিচার চেয়ে আবার শাহবাগ অবরোধ ছাত্রদলের,https://www.prothomalo.com/bangladesh/capital/kc9h2jsgii
280," ৭ মাস ধরে বাসায় আটকে ধর্ষণের অভিযোগ নোবেলের বিরুদ্ধে, ৯৯৯ নম্বরে কল পেয়ে নারীকে উদ্ধার: পুলিশ",https://www.prothomalo.com/bangladesh/crime/fn1fl1d63c
281, রাজধানীর মাটিকাটা এলাকায় সেনাবাহিনীর অভিযানে অস্ত্র-গুলিসহ গ্রেপ্তার ১০,https://www.prothomalo.com/bangladesh/crime/2qrgkk8r58
282," নগর ভবনের সামনে মঞ্চ বানিয়ে ইশরাক সমর্থকদের বিক্ষোভ, রাস্তায় যান চলাচল বন্ধ",https://www.prothomalo.com/bangladesh/capital/k19ysw5m1x
283,ঢাকা দক্ষিণ সিটি করপোরেশন,/topic/ঢাকা-দক্ষিণ-সিটি-করপোরেশন
284," বিএনপির নেতা-কর্মীদের অবস্থান চলছে, দুই উপদেষ্টার পদত্যাগ দাবি",https://www.prothomalo.com/politics/vw8th8cbvd
285, ইশরাককে মেয়র ঘোষণার গেজেটের কার্যক্রম স্থগিত চেয়ে রিটের ওপর আদেশ পেছাল,https://www.prothomalo.com/bangladesh/0pzzyenped
286," নগর ভবনের সামনে মঞ্চ বানিয়ে ইশরাক সমর্থকদের বিক্ষোভ, রাস্তায় যান চলাচল বন্ধ",https://www.prothomalo.com/bangladesh/capital/k19ysw5m1x
287," যারা একটি দলের প্রতিনিধির কাজ করেছে, তাদের অবিলম্বে পদত‍্যাগ করতে হবে: ইশরাক হোসেন",https://www.prothomalo.com/politics/kcilqrh4xf
288, দক্ষিণ সিটির প্রশাসক সামলাবেন ওয়াসার এমডির দায়িত্বও,https://www.prothomalo.com/bangladesh/capital/6h4lr097hy
289, ইশরাককে মেয়র ঘোষণা: আইন মন্ত্রণালয়ের মতামত চেয়ে স্থানীয় সরকার বিভাগের চিঠি,https://www.prothomalo.com/bangladesh/fda4ra348x
290," নগর ভবনে অবস্থান, ইশরাককে  মেয়র পদে বসানোর দাবি",https://www.prothomalo.com/bangladesh/capital/ga6h32qt3u
291, হর্ন বাজানোর বিরুদ্ধে ব্যবস্থা নিতে কৃত্রিম বুদ্ধিমত্তার প্রযুক্তি বসাবে ডিএনসিসি,https://www.prothomalo.com/bangladesh/capital/6h4kshxmq4
292, মিরপুরের শহীদ বুদ্ধিজীবী স্মৃতিসৌধ সংস্কার করা হচ্ছে,https://www.prothomalo.com/bangladesh/capital/q19v9rz9fa
293," ভ্যান সার্ভিসের কর্মীদের সড়কে আবর্জনা ফেলার ভিডিও ভাইরাল, কী ঘটেছিল",https://www.prothomalo.com/bangladesh/capital/neckd52mns
294, ঢাকা দক্ষিণ সিটির প্রশাসক হলেন অতিরিক্ত সচিব শাহজাহান মিয়া,https://www.prothomalo.com/bangladesh/capital/78kmej9f2d
295, ঢাকা সিটি কলেজ ও আইডিয়াল কলেজের শিক্ষার্থীদের মধ্যে সংঘর্ষ,https://www.prothomalo.com/bangladesh/capital/210mwn3v6g
296," ঢাকায় জন্ম–মৃত্যুসহ নানা সনদ পেতে ভোগান্তি, হিমশিম খাচ্ছেন কর্মকর্তারা",https://www.prothomalo.com/bangladesh/9rz6nxoe4p
297, সেন্ট গ্রেগরি হাইস্কুল অ্যান্ড কলেজে ভাঙচুর,https://www.prothomalo.com/bangladesh/capital/0hx7bcbeon
298,ঢাকা দক্ষিণ সিটি করপোরেশন,/topic/ঢাকা-দক্ষিণ-সিটি-করপোরেশন
299,ঢাকা উত্তর সিটি করপোরেশন,/topic/ঢাকা-উত্তর-সিটি-করপোরেশন
300," ডেঙ্গুতে এক দিনে শতাধিক আক্রান্ত, মৃত্যু ১ জনের",https://www.prothomalo.com/bangladesh/capital/sas49aotvm
301, বাংলাদেশে ডেঙ্গু প্রতিরোধে নতুন পথ খুলে দিতে পারে উলবাকিয়া মশা: আইসিডিডিআরবি,https://www.prothomalo.com/bangladesh/esehv944rb
302, এপ্রিলে ডেঙ্গু রোগী মার্চের দ্বিগুণ,https://www.prothomalo.com/bangladesh/fj09yt1t2r
303, ঢাকায় ডেঙ্গুতে এক কিশোরের মৃত্যু,https://www.prothomalo.com/bangladesh/5w4lgxbja1
304, মশা তাড়াতে গিয়ে যেসব বিপদ ডেকে আনবেন না,https://www.prothomalo.com/lifestyle/health/uwhbmd75s5
305," গ্রামে ছড়াচ্ছে ডেঙ্গু, বরিশাল বিভাগে ডেঙ্গুর হটস্পট বরগুনা",https://www.prothomalo.com/bangladesh/district/6hvib21aqq
306," ডেঙ্গুতে দুজনের মৃত্যু, দুজনই বরিশালের",https://www.prothomalo.com/bangladesh/ty0muz94w7
307, দেড় মাস পর দেশে ডেঙ্গুতে মৃত্যু,https://www.prothomalo.com/bangladesh/capital/ca45hh8uaq
308, বাংলাদেশে ডেঙ্গুতে মৃত্যুর হার এখনো সর্বোচ্চ,https://www.prothomalo.com/bangladesh/p4qxfqxa8q
309," ঢাকার বাইরে ডেঙ্গু বেশি, তৎপরতা সীমিত",https://www.prothomalo.com/bangladesh/21ia4pk9ty
310, ৩ মাসে ডেঙ্গু রোগীর সংখ্যা এত বাড়ার কারণ কী,https://www.prothomalo.com/bangladesh/sqwt3g107p
311, ডেঙ্গুতে ঢাকায় দুজনের মৃত্যু,https://www.prothomalo.com/bangladesh/d2tl413ad2
312, ডেঙ্গুতে আরও ১ জনের মৃত্যু,https://www.prothomalo.com/bangladesh/pezh3x1488
313, ডেঙ্গুতে দুজনের মৃত্যু,https://www.prothomalo.com/bangladesh/o0b3k6as3h
314," কোটচাঁদপুর স্বাস্থ্য কমপ্লেক্সে চিকিৎসকসংকট, সেকমো দিয়ে চলে সেবা",https://www.prothomalo.com/bangladesh/district/fw4gkr8e6y
315, কোমরের মাপ কত হলে স্বাস্থ্যঝুঁকি বাড়ে,https://www.prothomalo.com/lifestyle/health/p01aj1puma
316," কক্সবাজার মেডিকেল কলেজে ৫০০ শয্যার হাসপাতালের অনুমোদন, এলাকাবাসীর উচ্ছ্বাস",https://www.prothomalo.com/bangladesh/district/64i042hugv
317, কেন শিশুকে নিয়মিত মাটিতে খেলতে দেবেন,https://www.prothomalo.com/lifestyle/health/tpt3nmrij9
318," ক্যানসার নির্ণয়ে ইমিউনোহিস্টোকেমিস্ট্রি কেন গুরুত্বপূর্ণ, কোথায় করা যায়, ব্যয় কেমন",https://www.prothomalo.com/lifestyle/health/jjyws5dhd0
319, সারা দিনে ১০ হাজার কদম হাঁটবেন নাকি জাপানি পদ্ধতিতে মাত্র ৩০ মিনিট? কোনটা সেরা,https://www.prothomalo.com/lifestyle/health/lxyeedq7dj
320, ‘নিরাপদ’ পানীয়টি হতে পারে তরুণদের কিডনি রোগ ও অ্যাংজাইটির কারণ,https://www.prothomalo.com/lifestyle/health/n61eoulcmn
321, শিক্ষা ও স্বাস্থ্য খাতকে প্রাধান্য দিয়ে উন্নয়ন বাজেট পুনঃপ্রস্তাবের দাবি ইসলামী আন্দোলনের,https://www.prothomalo.com/politics/f4xw4ex328
322, বাজারে নতুন নামে ভিন্ন রঙে এসএমসির ওরস্যালাইন,https://www.prothomalo.com/bangladesh/vi3dqdfs2k
323," বাজেটে উন্নয়ন ব্যয় বরাদ্দ কমছে ৩৫ হাজার কোটি টাকা, কোন খাতে কত",https://www.prothomalo.com/business/economics/d5wfrwsu03
324, চট্টগ্রাম বন্দরের কৌশলগত সিদ্ধান্তে সতর্ক হওয়া জরুরি,https://www.prothomalo.com/business/analysis/1j58se53ac
325," বাজেটে উন্নয়ন ব্যয় বরাদ্দ কমছে ৩৫ হাজার কোটি টাকা, কোন খাতে কত",https://www.prothomalo.com/business/economics/d5wfrwsu03
326, ব্যবসা–বাণিজ্যের উন্নয়নে নারায়ণগঞ্জ চেম্বারের মতবিনিময় সভা,https://www.prothomalo.com/business/18up2csuqn
327, শেরপুরের উন্নয়নে পাঁচ দফা দাবিতে পাঁচ কিলোমিটার মানববন্ধন,https://www.prothomalo.com/bangladesh/district/al9bnr2lv8
328, রূপপুর পারমাণবিক বিদ্যুৎ প্রকল্প পরিচালকের অপসারণের দাবিতে কর্মকর্তা-কর্মচারীদের বিক্ষোভ,https://www.prothomalo.com/bangladesh/district/zun52secsq
329, এলডিসি উত্তরণে মানবসম্পদ সূচকে পরিস্থিতি খারাপ হয়েছে,https://www.prothomalo.com/business/economics/bmslz0tyok
330," ‘আমাকে কাটবেন না, আমি কিন্তু অনেক সাধনার ফল’",https://www.prothomalo.com/bangladesh/district/0po19j6zh9
331, পরিবেশবান্ধব গ্রিন রেলওয়ের জন্য ৯৩ কোটি ৫১ লাখ টাকার প্রকল্প,https://www.prothomalo.com/bangladesh/8csbapv7nq
332," রাজশাহীর জিআই পণ্য মিষ্টি পান খাচ্ছে চিনিপোকায়, দিশেহারা চাষিরা",https://www.prothomalo.com/bangladesh/district/snv504ze41
333, ১৩ জাতের আঙুর চাষে সফল কলেজপড়ুয়া সুমন মিয়া,https://www.prothomalo.com/video/bangladesh/2u8avcirlp
334," থোকায় থোকায় ঝুলছে লাল, সবুজ ও কালো আঙুর",https://www.prothomalo.com/bangladesh/district/5tivdziivm
335, খরা-তাপপ্রবাহে বরিশালে আমড়া চাষে বিপর্যয়ের শঙ্কা,https://www.prothomalo.com/bangladesh/district/4c6rkx0i9w
336, সুদিনের আশায় মরিয়ম আর জুলিয়ারা লেগে আছেন শৈবাল চাষে,https://www.prothomalo.com/bangladesh/rbfmjib5ks
337, রফিকুলের হাতে ধরেই বদলে গেল কৃষ্ণপুর,https://www.prothomalo.com/bangladesh/district/haorbj4h3t
338," রাজশাহীর জিআই পণ্য মিষ্টি পান খাচ্ছে চিনিপোকায়, দিশেহারা চাষিরা",https://www.prothomalo.com/bangladesh/district/snv504ze41
339," নোয়াখালীর চরাঞ্চলে ভূগর্ভস্থ পানিতে চাষাবাদ, বাড়ছে সংকট",https://www.prothomalo.com/bangladesh/district/9g6i3pzllw
340," কৃষকের ঘরে ঘরে আলুর স্তূপ, দাম না পাওয়ায় খাওয়ানো হচ্ছে গরুকে",https://www.prothomalo.com/bangladesh/district/kteyd4diky
341, কীভাবে জাফরান বিশ্বের সবচেয়ে দামি মসলা হলো,https://www.prothomalo.com/bangladesh/072wk9dq5j
342," রাজশাহীর আকাশে ২ দিন পর রোদ, আমের মুকুলে ছত্রাকনাশক প্রয়োগের পরামর্শ",https://www.prothomalo.com/bangladesh/district/3a62jfbxvq
343, পাহাড়ে এখন জনপ্রিয় শজনের চাষ,https://www.prothomalo.com/photo/bangladesh/mzdla1vd5v
344, ফুলবাড়িয়ায় হলুদ চাষে আগ্রহ হারাচ্ছেন চাষিরা,https://www.prothomalo.com/video/bangladesh/ol5q1hx0b9
345, সিলেটের মাটিতে বাণিজ্যিকভাবে সূর্যমুখীর চাষ,https://www.prothomalo.com/video/bangladesh/9g0w14oilh
346, দেশে উৎপাদিত সয়াবিনের ৮০ শতাংশ আসে যে জেলা থেকে,https://www.prothomalo.com/bangladesh/district/wevj4xchwh
347," দিনাজপুরে কৃষকের কাজে আসছে না রাবার ড্যাম, বেড়েছে খরচ",https://www.prothomalo.com/bangladesh/district/la1ghhzrdp
348, দিনাজপুরে ট্রাকের সঙ্গে মাইক্রোবাসের সংঘর্ষে নিহত ৪,https://www.prothomalo.com/bangladesh/district/v5ka09ddsh
349," ফটকের সামনে ইটের দেয়াল, দেড় বছর ধরে একটি পরিবার অবরুদ্ধ",https://www.prothomalo.com/bangladesh/district/653hjed8om
350, বিরামপুরে চলন্ত ট্রেনে ওঠার সময় পিছলে পড়ে হাত-পা বিচ্ছিন্ন,https://www.prothomalo.com/bangladesh/district/atx28zw310
351," বাড়িতে একাকী বাস, লাশ পচা দুর্গন্ধে জানা গেল মৃত্যুর খবর",https://www.prothomalo.com/bangladesh/district/piui7oqxm6
352," হিলি সীমান্তে ধানখেতে ড্রোন, পুলিশের ধারণা ভারত থেকে আসা",https://www.prothomalo.com/bangladesh/district/3llnuxbn02
353, দিনাজপুরে মুঠোফোন চুরির সন্দেহে শিশুকে মারধর করে বস্তাবন্দী,https://www.prothomalo.com/bangladesh/district/acquoexpil
354, আওয়ামী লীগ নিষিদ্ধের কর্মসূচি থেকে ফেরার পথে ট্রেন থেকে নামিয়ে দেওয়ার অভিযোগ,https://www.prothomalo.com/bangladesh/district/2ii7nmg4b2
355," বিরলের শালবনে মিলল মহাবিপন্ন খুদি খেজুরগাছ, ফলও ধরেছে কয়েকটিতে",https://www.prothomalo.com/bangladesh/district/4vrlmjt1bp
356," বিরামপুরে ট্রেনের ধাক্কায় বাবার মৃত্যু, ছেলে হাসপাতালে",https://www.prothomalo.com/bangladesh/district/2r8c71lfz0
357," সুন্দরবনের চরে ৭৮ জনকে রেখে গেছে বিএসএফ, দিনাজপুর সীমান্তে ৯ জনকে হস্তান্তর",https://www.prothomalo.com/bangladesh/district/drkacz9zea
358," ছেলের পাকা দালানের পাশে ঝুপড়িঘরে মা, ‘অযত্নের’ অভিযোগ নিয়ে থানায় মেয়েরা",https://www.prothomalo.com/bangladesh/district/aduapuk8iy
359, দিনাজপুরে এবার লিচুর দানা বড়,https://www.prothomalo.com/bangladesh/district/trmd6qe5ju
360, আম কুড়াতে গিয়ে বৈদ্যুতিক তারের ফাঁদে জড়িয়ে শিশুর মৃত্যু,https://www.prothomalo.com/bangladesh/district/am4ln4o2l4
361," এসএসসি পরীক্ষায় অসদুপায়, শিক্ষার্থী বহিষ্কার, শিক্ষকের কারাদণ্ড",https://www.prothomalo.com/bangladesh/district/2kkg3d9svb
362,এসএসসি পরীক্ষা ২০২৫,/topic/এসএসসি-পরীক্ষা-২০২৫
363,দিনাজপুর শিক্ষা বোর্ড,/topic/দিনাজপুর-শিক্ষা-বোর্ড
364," এসএসসি পরীক্ষায় অসদুপায়, শিক্ষার্থী বহিষ্কার, শিক্ষকের কারাদণ্ড",https://www.prothomalo.com/bangladesh/district/2kkg3d9svb
365," তিন শিক্ষা বোর্ডের চেয়ারম্যানদের ওএসডি, নতুন নিয়োগ",https://www.prothomalo.com/education/lhxpiw4ss7
366," দিনাজপুর শিক্ষা বোর্ডের নিরীক্ষায় ঘুষ লেনদেনের প্রাথমিক সত্যতা পেয়েছে দুদক, অধিকতর তদন্ত শুরু",https://www.prothomalo.com/bangladesh/district/txh3bjy9oh
367," ৩ শিক্ষা বোর্ডে অডিটে গিয়ে ৩৯ লাখ টাকা ঘুষ নেওয়ার অভিযোগ, জমা হয় স্বজনের হিসাবে",https://www.prothomalo.com/bangladesh/district/qhrcgjihkb
368, দিনাজপুর শিক্ষা বোর্ডে পাস ও জিপিএ-৫ দুটিতেই এগিয়ে মেয়েরা,https://www.prothomalo.com/bangladesh/district/enid7i31pz
369," ২০২৪ সালের এইচএসসি পরীক্ষা ৩০ জুন শুরু, দেখুন রুটিন",https://www.prothomalo.com/education/examination/1zdrrehf2a
370," এইচএসসির ফলাফল প্রকাশ, যেভাবে পাচ্ছেন শিক্ষার্থীরা",https://www.prothomalo.com/education/examination/jvgc5r9n7s
371," এসএসসি ২০২৩ ও সমমানের বৃত্তি, এখনো প্রকাশ হয়নি দুটি শিক্ষা বোর্ডের ফল",https://www.prothomalo.com/education/study/490rp7h0wh
372,মাদ্রাসা শিক্ষা বোর্ড,https://bmeb.gov.bd/sites/default/files/files/bmeb.portal.gov.bd/notices/3d62a332_0a59_45d3_a191_9fc1fcccf357/Dakhil%20Scholarship-2023.pdf
373,এসএসসি পরীক্ষা ২০২৩,/topic/এসএসসি-পরীক্ষা-২০২৩
374,পড়াশোনা: নোটিশ বোর্ড,/topic/পড়াশোনা-নোটিশ-বোর্ড
375,যশোর শিক্ষা বোর্ড,/topic/যশোর-শিক্ষা-বোর্ড
376,চট্টগ্রাম শিক্ষা বোর্ড,/topic/চট্টগ্রাম-শিক্ষা-বোর্ড
377,ময়মনসিংহ শিক্ষা বোর্ড,/topic/ময়মনসিংহ-শিক্ষা-বোর্ড
378,মাদ্রাসা শিক্ষা বোর্ড,/topic/মাদ্রাসা-শিক্ষা-বোর্ড
379,ঢাকা শিক্ষা বোর্ড,/topic/ঢাকা-শিক্ষা-বোর্ড
380,বরিশাল শিক্ষা বোর্ড,/topic/বরিশাল-শিক্ষা-বোর্ড
381,কুমিল্লা শিক্ষা বোর্ড,/topic/কুমিল্লা-শিক্ষা-বোর্ড
382,রাজশাহী শিক্ষা বোর্ড,/topic/রাজশাহী-শিক্ষা-বোর্ড
383,সিলেট শিক্ষা বোর্ড,/topic/সিলেট-শিক্ষা-বোর্ড
384,দিনাজপুর শিক্ষা বোর্ড,/topic/দিনাজপুর-শিক্ষা-বোর্ড
385," তিন শিক্ষা বোর্ডের চেয়ারম্যানদের ওএসডি, নতুন নিয়োগ",https://www.prothomalo.com/education/lhxpiw4ss7
386, সিলেটে ফলাফল বিপর্যয়ের পেছনে ‘মানসম্মত’ শিক্ষকের অভাব,https://www.prothomalo.com/bangladesh/district/r2rexi9pop
387, সিলেটে এইচএসসিতে পাসের হার ও জিপিএ-৫ দুটিই কমেছে,https://www.prothomalo.com/bangladesh/district/zsptq7nn2d
388," এইচএসসির ফলাফল প্রকাশ, যেভাবে পাচ্ছেন শিক্ষার্থীরা",https://www.prothomalo.com/education/examination/jvgc5r9n7s
389, যুক্তরাষ্ট্রের ভিসা নীতি বিদেশগামী শিক্ষার্থীদের ওপর প্রভাব ফেলবে না: শিক্ষামন্ত্রী,https://www.prothomalo.com/education/higher-education/dshvqysg2y
390," এসএসসি ২০২৩ ও সমমানের বৃত্তি, এখনো প্রকাশ হয়নি দুটি শিক্ষা বোর্ডের ফল",https://www.prothomalo.com/education/study/490rp7h0wh
391, নবম শ্রেণির শিক্ষার্থীদের রেজিস্ট্রেশনের তথ্য:  সিলেট শিক্ষা বোর্ড,https://www.prothomalo.com/education/study/lpouvpzyni
392,সিলেট শিক্ষা বোর্ড,/topic/সিলেট-শিক্ষা-বোর্ড
393,পড়াশোনা: নোটিশ বোর্ড,/topic/পড়াশোনা-নোটিশ-বোর্ড
394," রোটারি ইন্টারন্যাশনালের দেবে ১৩০ ফেলোশিপ, টিউশন ফি মওকুফ, আছে ইন্টার্নশিপেরও সুযোগ",https://www.prothomalo.com/education/scholarship/7dvgdzwf9p
395," ইন্টেলে চাকরি পেলেন বান্না, বেতন বছরে প্রায় দুই কোটি",https://www.prothomalo.com/chakri/chakri-news/pkxb61bbxm
396," পোস্টগ্র্যাজুয়েট ডিপ্লোমা ইন রুরাল ডেভেলপমেন্টে ভর্তি, মেধাবী শিক্ষার্থীদের বৃত্তির সুযোগ",https://www.prothomalo.com/education/admission/mgldti994t
397," গুচ্ছে এবার ১৯ বিশ্ববিদ্যালয়, আবেদন শুরু, আছে দ্বিতীয়বারের সুযোগ, জেনে নিন বিস্তারিত",https://www.prothomalo.com/education/admission/8io4yd4oio
398," এইচএসসি–২০২৫ পরীক্ষার ফরম পূরণ শুরু, প্রাইভেট পরীক্ষার্থীদের প্রতি ১৪ নির্দেশনা",https://www.prothomalo.com/education/examination/87iy5yqaio
399," একাদশের শিক্ষার্থীদের আর্থিক সহায়তা দেবে সরকার, আবেদন যেভাবে",https://www.prothomalo.com/education/scholarship/3z6lq0tojc
400, গণমাধ্যমে কর্মরত স্টামফোর্ড বিশ্ববিদ্যালয়ের শিক্ষার্থীদের নিয়ে ক্যাম্পাসে মিলনমেলা,https://www.prothomalo.com/education/campus/4czzhqrhsn
401, স্টাইপেন্ডিয়াম হাঙ্গেরিকাম স্কলারশিপের মনোনয়ন পাওয়া শিক্ষার্থীদের তালিকা প্রকাশ,https://www.prothomalo.com/education/scholarship/qyeqjv3169
402," ডেন্টালের ভর্তি পরীক্ষার ফল প্রকাশ, উত্তীর্ণ ৫১৮",https://www.prothomalo.com/education/admission/2mtqqifzii
403," ২৫ ক্যাডারের কর্মবিরতি চলছে, মাউশিতে
 মহাপরিচালকসহ কর্মকর্তাদের অবস্থান",https://www.prothomalo.com/bangladesh/f1ge5putr3
404, ইংরেজি ভাষা শেখা : ব্রিটিশ কাউন্সিলের নতুন নির্দেশনা,https://www.prothomalo.com/education/qmd7tlh87f
405, আজ থেকে ৪০ দিনের ছুটি শিক্ষাপ্রতিষ্ঠানে,https://www.prothomalo.com/education/higher-education/yjn8e2qf6u
406, ইউসিবিডির আয়োজনে নতুন ব্যাচের ওরিয়েন্টেশন অনুষ্ঠিত,https://www.prothomalo.com/education/campus/2mk3m90u15
407, শাহজালাল বিশ্ববিদ্যালয়ে দুই হাজার শিক্ষার্থীকে নিয়ে ইংরেজি শেখার প্রশিক্ষণ,https://www.prothomalo.com/education/admission/3a9v2cx0em
408, সরকারি প্রাথমিক বিদ্যালয়ের সহকারী শিক্ষকদের জীবনমান উন্নয়ন: আধুনিক দৃষ্টিকোণ ও গবেষণাধর্মী বিশ্লেষণ,https://www.prothomalo.com/education/higher-education/nunif3kxia
409, প্রাথমিকে বৃত্তিও চালু করতে যাচ্ছি: প্রাথমিক ও গণশিক্ষা উপদেষ্টা,https://www.prothomalo.com/education/examination/s2vu2rqeh0
410," পোস্টগ্র্যাজুয়েট ডিপ্লোমা ইন রুরাল ডেভেলপমেন্টে ভর্তি, মেধাবী শিক্ষার্থীদের বৃত্তির সুযোগ",https://www.prothomalo.com/education/admission/mgldti994t
411," গুচ্ছে এবার ১৯ বিশ্ববিদ্যালয়, আবেদন শুরু, আছে দ্বিতীয়বারের সুযোগ, জেনে নিন বিস্তারিত",https://www.prothomalo.com/education/admission/8io4yd4oio
412," এইচএসসি–২০২৫ পরীক্ষার ফরম পূরণ শুরু, প্রাইভেট পরীক্ষার্থীদের প্রতি ১৪ নির্দেশনা",https://www.prothomalo.com/education/examination/87iy5yqaio
413," নিটোরে ভর্তি, আবেদন সময় বাড়ল, দ্বিতীয়বার পরীক্ষার সুযোগসহ জেনে নিন বিস্তারিত",https://www.prothomalo.com/education/admission/6j6uo4l09c
414, সরকারি প্রাথমিক বিদ্যালয়ের সহকারী শিক্ষকদের জীবনমান উন্নয়ন: আধুনিক দৃষ্টিকোণ ও গবেষণাধর্মী বিশ্লেষণ,https://www.prothomalo.com/education/higher-education/nunif3kxia
415," চট্টগ্রাম বিশ্ববিদ্যালয়ের ভর্তি পরীক্ষা শুরু আজ, জেনে নিন শাটলের সূচি",https://www.prothomalo.com/education/examination/m5iny1mrvn
416," বুয়েটের ফল প্রকাশ, শিক্ষার্থীদের ভর্তিপ্রক্রিয়া তিন ধাপে",https://www.prothomalo.com/education/admission/wxa5jvjy21
417," রুয়েটে ভর্তির মেধাক্রম প্রকাশ, ভর্তি হতে যা যা করতে হবে",https://www.prothomalo.com/education/examination/s9rgv2u664
418," ডেন্টাল ভর্তি পরীক্ষা কাল, প্রবেশপত্র ডাউনলোডে নতুন নির্দেশনা",https://www.prothomalo.com/education/admission/w29ycyo2l5
419, রুয়েটে ভর্তি পরীক্ষার ফলাফল প্রকাশ,https://www.prothomalo.com/education/examination/pcdfyduxo0
420," নিটোরে ভর্তিতে আবেদন করেছেন কি, দ্বিতীয়বার পরীক্ষার সুযোগসহ জেনে নিন সব তথ্য",https://www.prothomalo.com/education/admission/werukejke3
421," এইচএসসির ফরম পূরণ শুরু ২ মার্চ, ফি বৃদ্ধি",https://www.prothomalo.com/education/examination/mdqteibq5h
422," এসএসসি পরীক্ষা-২০২৫, শিক্ষার্থীদের মানতে হবে যে ১৪ নির্দেশনা",https://www.prothomalo.com/education/examination/tlo2p7p76e
423, এসএসসি পরীক্ষায় পরীক্ষার্থীদের অনুপস্থিতির কারণ অনুসন্ধানের উদ্যোগ ঢাকা বোর্ডের,https://www.prothomalo.com/education/ahyhrnmqby
424, এসএসসির ব্যবহারিক পরীক্ষা: সঠিক প্রস্তুতির সাতটি নিয়ম,https://www.prothomalo.com/education/examination/8eoghfsj1s
425, অভ্যুত্থানে গুলিবিদ্ধ জুবায়ের ব্যথা-যন্ত্রণা নিয়েই দিচ্ছেন এসএসসি পরীক্ষা,https://www.prothomalo.com/bangladesh/uigaivaa5h
426, এসএসসি পরীক্ষায় বাংলা দ্বিতীয় পত্রে বেশি নম্বর পেতে সাতটি কৌশল,https://www.prothomalo.com/education/fl0nirilvx
427," এসএসসি পরীক্ষা-২০২৫, বাংলাদেশ ও বিশ্বপরিচয়ে বেশি নম্বর পাওয়ার টিপস",https://www.prothomalo.com/education/examination/3h2gtze03k
428," এসএসসির হিসাববিজ্ঞান বিষয়ে এ‍+ পেতে চাও, ঠিক করো গাণিতিক সমাধান",https://www.prothomalo.com/education/examination/gjty67wvq7
429," গাইড বই ও মুঠোফোনে চ্যাটজিপিটি দিয়ে পরীক্ষা, গফরগাঁওয়ে ৮ শিক্ষার্থী বহিষ্কৃত",https://www.prothomalo.com/bangladesh/district/ukwjmnqwkd
430, এসএসসি পরীক্ষার খাতা শিক্ষার্থীদের দিয়ে মূল্যায়ন করালে কঠোর শাস্তি,https://www.prothomalo.com/education/examination/3g71agoiky
431, এসএসসি পরীক্ষা-২০২৫: অর্থনীতিতে বেশি নম্বর পাওয়ার ৮টি উপায়,https://www.prothomalo.com/education/examination/ygi7h90og7
432, এসএসসি পরীক্ষা-২০২৫: বিজ্ঞানে ভালো নম্বর পাওয়ার ৮টি টিপস,https://www.prothomalo.com/education/examination/mz8pbjue4r
433, এসএসসি পরীক্ষা-২০২৫: ভূগোল ও পরিবেশ বিষয়ে বেশি নম্বর পাওয়ার টিপস,https://www.prothomalo.com/education/examination/xpra4ysqto
434, এসএসসি পরীক্ষা-২০২৫: রসায়ন বিষয়ে এ‍+ পেতে ১২ পরামর্শ,https://www.prothomalo.com/education/examination/0mox5ina4x
435, প্রবাস থেকে আসা বাবার লাশ বাড়িতে রেখে পরীক্ষার হলে ছেলে,https://www.prothomalo.com/bangladesh/district/sfz2vhroz3
436, এসএসসি পরীক্ষা ২০২৫: পদার্থবিজ্ঞানে ভালো নম্বর পেতে হলে,https://www.prothomalo.com/education/examination/eieeq5msa8
437, এসএসসি ২০২৫–এ পরীক্ষার্থী অনুপস্থিতির কারণ অনুসন্ধানের নির্দেশ,https://www.prothomalo.com/education/examination/gr4ua597tn
438,পড়াশোনা: নোটিশ বোর্ড,/topic/পড়াশোনা-নোটিশ-বোর্ড
439,এসএসসি পরীক্ষা ২০২৫,/topic/এসএসসি-পরীক্ষা-২০২৫
440, এসএসসি ২০২৫–এ পরীক্ষার্থী অনুপস্থিতির কারণ অনুসন্ধানের নির্দেশ,https://www.prothomalo.com/education/examination/gr4ua597tn
441," এসএসসি পরীক্ষা ২০২৫-এর রুটিন, কোন পরীক্ষা কবে",https://www.prothomalo.com/education/examination/am88ikh0fw
442," আলো ও লেন্স - বিজ্ঞান, অধ্যায় ৫ | এসএসসি ২০২৫",https://www.prothomalo.com/education/study/1bthggoz6d
443," পলিমার - বিজ্ঞান, অধ্যায় ৫ | এসএসসি ২০২৫",https://www.prothomalo.com/education/study/uzc3fci9zu
444," দৃষ্টিশক্তি - বিজ্ঞান, অধ্যায় ৫ | এসএসসি ২০২৫",https://www.prothomalo.com/education/study/ur4n4z5xnv
445," আলো - বিজ্ঞান, অধ্যায় ৬ | এসএসসি ২০২৫",https://www.prothomalo.com/education/study/5p0wqvxnzy
446, বিজ্ঞান - এসএসসি পরীক্ষা ২০২৪,https://www.prothomalo.com/education/study/9bd5kks8w0
447, বহুনির্বাচনি প্রশ্ন (২১-৩০) : অধ্যায় ৫,https://www.prothomalo.com/education/study/2xpmrgmzhl
448, বহুনির্বাচনি প্রশ্ন (১১-২০) : অধ্যায় ৫,https://www.prothomalo.com/education/study/25slllhfbo
449, বহুনির্বাচনি প্রশ্ন (১-১০) : অধ্যায় ৫,https://www.prothomalo.com/education/study/bbdfs7dkae
450, অধ্যায় ৫ : বহুনির্বাচনি প্রশ্ন (৩১-৪০),https://www.prothomalo.com/education/study/bbiat1md6v
451, অধ্যায় ৫ : বহুনির্বাচনি প্রশ্ন (২১-৩০),https://www.prothomalo.com/education/study/mb8080y6sh
452, অধ্যায় ৫ : বহুনির্বাচনি প্রশ্ন (১১-২০),https://www.prothomalo.com/education/study/cf8mwvskzw
453, বিজ্ঞান | অধ্যায় ৫ : বহুনির্বাচনি প্রশ্ন (১-১০),https://www.prothomalo.com/education/study/bvn7ej93vu
454, অধ্যায় ২ : বহুনির্বাচনি প্রশ্ন (৫১-৬০),https://www.prothomalo.com/education/study/uoadnnjxrb
455, এসএসসির ব্যবহারিক পরীক্ষা: সঠিক প্রস্তুতির সাতটি নিয়ম,https://www.prothomalo.com/education/examination/8eoghfsj1s
456," ঢাকা বিশ্ববিদ্যালয়ে অ্যাকাউন্টিংয়ে মাস্টার্স, সিজিপিএ ২.৫ হলেই আবেদন",https://www.prothomalo.com/education/study/e2l0tl5q1g
457, এসএসসি পরীক্ষা-২০২৫: রসায়ন বিষয়ে এ‍+ পেতে ১২ পরামর্শ,https://www.prothomalo.com/education/examination/0mox5ina4x
458," এসএসসি পরীক্ষা–২০২৫, তথ্য ও যোগাযোগ প্রযুক্তি: মডেল টেস্ট–২",https://www.prothomalo.com/education/9h5r0d659o
459, এসএসসি পরীক্ষা-২০২৫—তথ্য ও যোগাযোগপ্রযুক্তি: মডেল টেস্ট-১,https://www.prothomalo.com/education/examination/uq8u4rs8iu
460, এসএসসি পরীক্ষা ২০২৫ : তথ্য ও যোগাযোগপ্রযুক্তিতে বেশি নম্বর পাওয়ার কৌশল,https://www.prothomalo.com/education/examination/l0x8ailxb7
461, এসএসসি পরামর্শ ২০২৫: গণিতে ভালো নম্বর পাওয়ার সহজ উপায়,https://www.prothomalo.com/education/examination/tit7gpe0vc
462," এসএসসি পরীক্ষা ২০২৫-এর রুটিন, কোন পরীক্ষা কবে",https://www.prothomalo.com/education/examination/am88ikh0fw
463," আজ শুরু এসএসসি পরীক্ষা, এক লাখ পরীক্ষার্থী কমেছে, মানতে হবে ১৪ নির্দেশনা",https://www.prothomalo.com/education/examination/amiz9cwqgj
464," এসএসসি পরীক্ষা কাল শুরু, পরীক্ষার্থীদের প্রতি ১৪ নির্দেশনা",https://www.prothomalo.com/education/examination/5gsb8m6khm
465, এসএসসি পরীক্ষা ২০২৫: একনজরে নম্বর বণ্টন ও সময় বিভাজন,https://www.prothomalo.com/education/study/17t1xp4k1s
466," এসএসসি–২০২৫ পরীক্ষা, শিক্ষার্থীদের শেষ মুহূর্তের করণীয়",https://www.prothomalo.com/education/examination/54y28xbb4o
467,পড়াশোনা: নোটিশ বোর্ড,/topic/পড়াশোনা-নোটিশ-বোর্ড
468,এসএসসি পরীক্ষা ২০২৫,/topic/এসএসসি-পরীক্ষা-২০২৫
469,পড়াশোনা: নোটিশ বোর্ড,/topic/পড়াশোনা-নোটিশ-বোর্ড
470," ইসরায়েলকে নিষেধাজ্ঞা আরোপের হুমকি যুক্তরাজ্য, কানাডা ও ফ্রান্সের",https://www.prothomalo.com/world/europe/pke7ycxsy6
471, গুরুতর অসুস্থ রমজান কাদিরভের পদত্যাগ প্রস্তাবের গুঞ্জন কতটা সত্য,https://www.prothomalo.com/world/europe/74g12k70j2
472, অভিষেকে দরিদ্রদের পক্ষে সোচ্চার হলেন পোপ লিও,https://www.prothomalo.com/world/europe/nb9mzohx2f
473, ১০০০ করে বন্দী বিনিময়ে রাজি রাশিয়া ও ইউক্রেন,https://www.prothomalo.com/world/1mpwjfx7o7
474, তিন বছর পর আবার মুখোমুখি আলোচনায় রাশিয়া-ইউক্রেন,https://www.prothomalo.com/world/europe/m0pfspka8g
475, জার্মানির চ্যান্সেলর হলেন ফ্রিডরিখ মের্ৎস,https://www.prothomalo.com/world/europe/738toxcklu
476, প্রথম ধাপের ভোটে জার্মানির চ্যান্সেলর হতে পারলেন না মের্ৎস,https://www.prothomalo.com/world/europe/jjt7pn9kmr
477, নতুন পোপ নির্বাচনে ভ্যাটিকানে পৌঁছেছেন ১৩৩ কার্ডিনাল,https://www.prothomalo.com/world/europe/gn5nfy1s2i
478, ট্রাম্পের ভয়েই কি মার্কিন নাগরিকেরা ইউরোপে পাড়ি দিচ্ছেন,https://www.prothomalo.com/world/usa/git3rqz71m
479, হিটলারের মৃত্যুর ৮০ বছর পর জানা গেল নতুন তথ্য,https://www.prothomalo.com/video/international/xxrc0v0cl3
480, রাজশাহী বিশ্ববিদ্যালয়ের একই ক্লাসের চারজন পেয়েছেন ইরাসমাস বৃত্তি,https://www.prothomalo.com/lifestyle/iirw2umm37
481, জয়শঙ্কর-ইসহাক দারকে ইইউ কর্মকর্তার ফোন,https://www.prothomalo.com/world/europe/i3acut9wvg
482, যুক্তরাজ্যে উপনির্বাচন ও মেয়র পদে লেবারকে হারিয়ে জিতল ডানপন্থী রিফর্ম ইউকে,https://www.prothomalo.com/world/europe/8xk081h54x
483, ২০২৪ সালে রেকর্ড হারে বেড়েছে বিশ্বের সামরিক ব্যয়: সিপ্রির প্রতিবেদন,https://www.prothomalo.com/world/0g7nlw0607
484," হিটলারের মৃত্যু আসলে কীভাবে হয়েছিল, ৮০ বছর পর জানা গেল নতুন তথ্য",https://www.prothomalo.com/world/europe/ax7orqb6f4
485," ‘প্রমোশনের’ আনন্দে বাঁধনহারা উদ্‌যাপন, ২৫ জন হাসপাতালে, একজন জীবন-শঙ্কায়",https://www.prothomalo.com/sports/football/rxftvlkhku
486, জার্মানির চ্যান্সেলর হলেন ফ্রিডরিখ মের্ৎস,https://www.prothomalo.com/world/europe/738toxcklu
487, প্রথম ধাপের ভোটে জার্মানির চ্যান্সেলর হতে পারলেন না মের্ৎস,https://www.prothomalo.com/world/europe/jjt7pn9kmr
488, হিটলারের মৃত্যুর ৮০ বছর পর জানা গেল নতুন তথ্য,https://www.prothomalo.com/video/international/xxrc0v0cl3
489, কবি দাউদ হায়দারকে বার্লিনে দাফন,https://www.prothomalo.com/bangladesh/0ekovgq9vo
490," হিটলারের মৃত্যু আসলে কীভাবে হয়েছিল, ৮০ বছর পর জানা গেল নতুন তথ্য",https://www.prothomalo.com/world/europe/ax7orqb6f4
491, দাউদের জীবনযাপন ছিল ওর নিজের মতো,https://www.prothomalo.com/onnoalo/treatise/fttqnbpq47
492, গ্যেটে ইনস্টিটিউটের নতুন যাত্রা মুহূর্ত গানে মাতাল চিরকুট,https://www.prothomalo.com/entertainment/har5nphoxt
493, ফিলিস্তিনের পক্ষের বিক্ষোভকারীদের তাড়িয়ে দিচ্ছে জার্মানিও,https://www.prothomalo.com/video/international/810sr4vbs7
494," ট্রাম্পের পথে জার্মানিও, ফিলিস্তিনের পক্ষে বিক্ষোভ করায় চারজনকে বিতাড়নের নির্দেশ",https://www.prothomalo.com/world/europe/po300hfl6h
495, জার্মানির ২৮ লাখ নাগরিক জীবনে ইন্টারনেট ব্যবহার করেননি,https://www.prothomalo.com/world/europe/kizvopd2mq
496, জার্মানিতে গঠিত হচ্ছে নতুন জোট সরকার,https://www.prothomalo.com/world/europe/98m3kq2n7f
497, ১৯ বার বৈঠকের পর জোট গঠনে ঐকমত্য,https://www.prothomalo.com/world/europe/2w8ueg7n8n
498," স্টারলিংক সংযোগ কীভাবে নেবেন, ভাগাভাগি করে ব্যবহার করা যাবে কি",https://www.prothomalo.com/bangladesh/4bevspohjo
499, স্টারলিংক সংযোগ পেতে অর্ডার করবেন যেভাবে,https://www.prothomalo.com/technology/p51564cr2w
500, স্টারলিংকের দামকে যৌক্তিক বলছে সরকার,https://www.prothomalo.com/bangladesh/tvucuh2pyr
501," বাংলাদেশে স্টারলিংক ইন্টারনেটে খরচ কত হবে, জানা গেল",https://www.prothomalo.com/video/bangladesh/v225b6b1dy
502," স্টারলিংক সেটআপে এককালীন খরচ কত, দুটি প্যাকেজে খরচ কত",https://www.prothomalo.com/bangladesh/63e244u50i
503," দেশে স্টারলিংক চালু, মাসে সর্বোচ্চ খরচ ৬ হাজার টাকা",https://www.prothomalo.com/bangladesh/54cv48v6f1
504," আইএসপিএবির নতুন সভাপতি আমিনুল, মহাসচিব নাজমুল",https://www.prothomalo.com/technology/iosrp9e1ou
505," অনলাইনে কনটেন্ট নির্মাতাদের আয় কমছে, হুমকিতে ইন্টারনেটে আয়ের কাঠামো",https://www.prothomalo.com/technology/wzj6h9kg2c
506, আইএসপিএবির নির্বাচনে বিজয়ী হলেন যাঁরা,https://www.prothomalo.com/technology/a2idlqlua9
507," আইএসপিএবির নির্বাচনে ভোট গ্রহণ সম্পন্ন, এখন ফলাফলের অপেক্ষা",https://www.prothomalo.com/technology/164hnlvf03
508, দুই-তিন মাসের মধ্যে ইন্টারনেটের দাম কমানোর সিদ্ধান্ত হয়েছে: আসিফ মাহমুদ,https://www.prothomalo.com/bangladesh/vywidjfh5w
509," আইএসপিএবির নির্বাচন আগামীকাল, প্রশাসক চান না সদস্যরা",https://www.prothomalo.com/technology/ln27h26dz8
510, মোবাইল অপারেটররা ইন্টারনেটের দাম না কমালে সরকার কঠোর হবে: ফয়েজ আহমদ তৈয়্যব,https://www.prothomalo.com/bangladesh/kekxtbmbui
511, গ্রামীণফোনের ফোর-জি সেবায় কিছু সময়ের বিঘ্ন,https://www.prothomalo.com/bangladesh/rc0v7is5gj
